NUM;DATE;JACKPOT;N1;N2;N3;N4;N5;E1;E2;NBJEU;EU1;EU2;EU3;EU4;EU5;EU6;EU7;EU8;EU9;EU10;EU11;EU12;NB1;NB2;NB3;NB4;NB5;NB6;NB7;NB8;NB9;NB10;NB11;NB12;MT1;MT2;MT3;MT4;MT5;MT6;MT7;MT8;MT9;MT10;MT11;MT12
1366;23/10/2020;77000000;10;15;19;21;23;3;12;27330545;0;3;26;31;1410;1612;3375;22625;49699;124813;110757;622490;0;1;6;4;304;292;855;4271;10719;27543;19732;126094;0;261553,3;7053,3;1842,6;74,6;69;23,1;17,2;8,7;6,5;8,8;4,9
1365;20/10/2020;64000000;5;6;15;37;42;3;4;19791081;0;3;7;23;586;1151;1286;18004;28060;58880;97757;426910;0;1;3;3;110;225;230;3375;5359;10998;18169;82769;0;189400,6;18971,1;1798,4;130;69,9;44;15,7;11,2;9,9;7,2;5,2
1364;16/10/2020;53000000;15;33;38;40;50;3;6;25705165;0;1;5;50;691;1693;1440;26653;31378;67950;157351;486562;0;1;0;5;122;316;257;5351;5536;12004;34606;90154;0;737995,3;34496,3;1074,4;143,2;61,7;51;13,7;13;11,2;5,8;5,9
1363;13/10/2020;39000000;5;14;38;41;46;1;10;18207802;0;1;1;19;410;949;1067;12725;19911;51243;72442;296170;0;0;0;1;90;193;205;2594;3973;9928;14613;60077;0;522745,9;122174,3;2002,8;170,9;78;48,8;20,4;14,5;10,5;9;6,9
1362;09/10/2020;29000000;11;15;35;41;50;5;8;24184211;0;2;3;44;677;1993;1365;31728;31487;62584;180330;477696;0;0;0;2;97;370;260;6064;5685;12002;36411;91006;0;347164,3;54092;1148,7;137,5;49,3;50,6;10,8;12,2;11,4;4,8;5,7
1361;06/10/2020;17000000;4;21;36;41;47;9;11;17253155;0;3;5;16;395;887;943;13056;19244;43992;73158;295086;0;0;1;2;61;159;171;2347;3349;7959;13176;54207;0;165112,6;23153,7;2253,6;168,1;79,1;52,3;18,8;14,2;11,6;8,4;6,6
1360;02/10/2020;29000000;6;12;15;40;45;3;9;24777925;0;1;6;16;450;857;1430;11989;19701;59701;64119;278746;0;0;0;5;81;133;253;2019;3468;11716;11140;52294;30627859;88921,7;20782,4;1078,8;125,1;45,9;47,1;10,9;11,3;10;5,2;5,3
1359;29/09/2020;17000000;4;14;16;41;44;11;12;17829272;0;1;6;16;450;857;1430;11989;19701;59701;64119;278746;0;0;0;5;81;133;253;2019;3468;11716;11140;52294;0;511878,3;19939;2328,9;152,5;84,6;35,6;21,2;14,4;8,8;10;7,2
1358;25/09/2020;130000000;19;23;34;37;45;1;7;43024706;1;5;25;78;1590;3162;3694;44420;63635;142425;237240;867562;0;0;5;16;374;812;801;10810;14416;30469;59230;195280;130000000;247047,8;11547,8;1152,8;104,1;55,3;33,3;13,8;10,7;8,9;6,5;5,6
1357;22/09/2020;76000000;16;25;28;39;40;1;6;21591605;0;5;3;21;600;1285;1443;20023;27225;64322;107403;404454;0;1;0;7;110;217;234;3967;5224;12008;21562;78996;0;123979;48293,2;2148,8;138,5;68,3;42,7;15,4;12,6;9,9;7,2;6
1356;18/09/2020;67000000;2;10;19;25;45;1;7;28930000;0;3;7;36;655;1541;1344;22037;29331;60360;113496;414876;0;0;1;6;96;302;254;4582;5817;11904;23906;83183;0;166116;32353,3;991,2;96,1;48,5;33,9;12,4;9,8;8,4;6,2;5
1355;15/09/2020;50000000;16;20;25;30;38;6;8;19694044;0;3;7;36;655;1541;1344;22037;29331;60360;113496;414876;0;0;1;6;96;302;254;4582;5817;11904;23906;83183;0;188472;18878,1;1143,3;115,7;52;41,9;12,7;10,7;9,6;6,2;5,3
1354;11/09/2020;40000000;34;38;42;43;45;9;12;24547218;0;2;8;25;580;1055;1426;16223;25778;62894;88055;389847;0;1;0;7;118;207;300;2921;4868;13238;15678;72176;0;352375,3;20588,9;2052,1;162,9;94,6;49,2;21,6;15,1;11,5;10;7,1
1353;08/09/2020;26000000;2;9;31;35;41;9;12;18239708;0;2;4;23;428;821;987;12450;20444;48658;68440;320138;0;0;1;3;82;131;163;2218;3896;9250;12552;61601;0;261831;30597,1;1657,4;164;90,4;52,8;20,9;14,2;11,1;9,5;6,4
1352;04/09/2020;17000000;6;22;29;40;43;4;7;24618927;0;4;8;38;674;1866;1500;28936;32338;68089;163884;491615;0;1;1;11;148;386;295;6113;6601;12870;35686;99342;0;176702,3;20649,1;1354;140,6;53,6;46,9;12,1;12,1;10,7;5,4;5,6
1351;01/09/2020;156000000;4;8;10;33;46;8;11;32173142;1;6;6;44;1006;1973;2050;28911;45746;100330;152250;654019;1;1;2;4;170;337;358;5073;8898;19409;26897;124437;157170843;153948,4;35980,2;1528,2;123,1;66,3;44,8;15,9;11,2;9,5;7,6;5,5
1350;28/08/2020;140000000;7;12;16;17;31;7;9;37417295;0;9;18;104;1731;4142;3228;56369;73247;132973;261389;974840;0;2;4;28;399;957;689;12826;15772;26644;56107;198151;0;119361,1;13948,3;751,9;83,2;36,7;33,1;9,4;8,1;8,3;5,1;4,3
1349;25/08/2020;122000000;7;18;30;37;39;8;10;28487260;0;5;11;47;944;1746;2037;25376;40006;92808;132800;564682;0;1;1;9;203;336;405;5019;7748;17673;0;0;0;163573,8;17377,2;1266,7;116,1;66,4;39,9;16;11,3;9,1;7,7;5,7
1348;21/08/2020;110000000;10;15;35;44;50;3;5;32708277;0;5;5;30;746;1354;1907;18506;32782;80439;96316;457082;0;1;0;4;157;260;427;3313;6678;17248;17511;89387;0;156509,1;24385,8;1454,4;126,8;51;47,2;11,2;11,6;10,8;5,3;5,4
1347;18/08/2020;95000000;6;12;17;34;42;5;12;22911615;0;5;5;30;746;1354;1907;18506;32782;80439;96316;457082;0;1;0;4;157;260;427;3313;6678;17248;17511;89387;0;131558,4;30747,3;1596,1;118,2;68,8;34,3;17,7;11,1;8,4;8,5;5,6
1346;14/08/2020;85000000;9;10;19;42;49;4;12;27420217;0;5;5;24;670;1449;1810;21133;34068;91743;111645;510793;0;3;1;5;127;224;382;3681;6560;18764;18838;98309;0;157446,8;36797,9;2387,8;157,5;77;43,3;18,5;12,8;8,8;8,8;6
1345;11/08/2020;73000000;8;13;14;42;50;3;9;20424293;0;2;2;31;530;1726;1237;26334;27592;59707;144296;435472;0;0;0;2;88;284;211;5030;4797;10771;27703;80775;0;293190,7;68523,5;1376,9;148,3;48,1;47,2;11;11,8;10,1;5;5,3
1344;07/08/2020;64000000;5;20;21;36;41;6;11;27174033;0;2;1;41;674;1933;1192;28050;31560;62253;141282;427402;0;0;0;10;142;417;253;5651;6297;12579;27523;85100;0;195041,6;26048,2;1577,6;170,3;72,9;50,6;16,6;13,4;10,5;7,5;6,1
1343;04/08/2020;49000000;1;2;5;15;42;5;8;18470923;0;2;1;41;674;1933;1192;28050;31560;62253;141282;427402;0;0;0;10;142;417;253;5651;6297;12579;27523;85100;0;265150;123939,8;941,5;105,5;38,8;44,3;9,4;9,3;8,8;4,7;4,8
1342;31/07/2020;39000000;21;24;30;46;49;2;5;23076203;0;4;7;44;741;2093;1394;28516;32694;60275;135763;434961;0;2;1;15;161;533;298;6614;6721;11856;30848;90012;0;0;136226,5;1786,2;167,9;62,3;53,8;13,5;13,2;11,7;5,6;5,8
1341;28/07/2020;26000000;9;13;15;17;34;2;7;16839552;0;4;7;44;741;2093;1394;28516;32694;60275;135763;434961;0;2;1;15;161;533;298;6614;6721;11856;30848;90012;0;120865,8;16141,9;799,8;87,4;32,7;34,5;8,4;8,2;8,2;4,4;4,3
1340;24/07/2020;17000000;8;9;27;28;50;4;12;21521561;0;3;7;23;555;1058;1595;16672;27279;72778;84996;416403;0;0;0;4;94;196;295;2961;5439;14841;15640;85593;0;205961,3;20629,9;1955,6;149,2;82,7;38,5;18,4;12,5;8,7;9,1;5,8
1339;21/07/2020;50000000;14;15;24;29;42;2;4;1448393;1;3;3;37;555;1427;1204;21507;26912;56710;107554;399902;0;0;2;8;89;304;223;4364;5202;10904;22022;80072;49564587;177754,5;41544,1;1049,1;128,8;52,9;44,1;12,3;11;9,7;6,2;5,2
1338;17/07/2020;39000000;7;15;27;41;43;7;9;23469196;0;7;5;53;957;2455;1739;33820;40886;72686;160145;568827;0;3;1;13;196;550;360;7644;8380;14175;37620;118876;0;96257,2;31495,6;925,4;94,4;38,9;38,5;9,9;9,1;9,5;5,2;4,6
1337;14/07/2020;26000000;11;22;30;37;47;9;10;17164998;0;0;6;19;487;818;1138;12292;21782;51291;66459;325980;0;0;2;4;81;137;215;2027;3956;9547;11098;59649;0;0;101330,7;1888,1;135,6;85,4;43,1;19,9;12,5;9,9;9,2;5,9
1336;10/07/2020;17000000;15;17;23;30;38;2;7;23442626;0;9;14;66;964;2649;1909;36019;42487;80362;177965;573219;0;6;4;22;225;680;413;8672;9628;17021;43749;124906;0;74781,9;11235,7;742,3;93,6;36;35,1;9,3;8,8;8,6;4,7;4,6
1335;07/07/2020;143000000;12;16;23;33;41;8;10;31476871;1;8;16;54;1068;1861;2492;27209;45013;108567;143534;631726;0;2;2;7;214;379;499;5595;9380;21980;30484;130601;144542315;112962,6;13200,6;1218,2;113,4;68,8;36,1;16,5;11,1;8,6;7,8;5,6
1334;03/07/2020;130000000;4;16;27;37;39;3;6;44003016;0;10;33;98;1552;3713;3327;52823;66033;138411;275443;940515;0;1;7;26;336;955;671;14036;15598;31922;73256;226377;0;126332,6;8947,2;938,4;109,1;48,2;37,8;11,9;10,6;9,4;5,7;5,3
1333;30/06/2020;61000000;1;6;11;28;42;2;10;19683531;0;1;16;23;654;1299;1688;18420;28487;71847;95075;400514;0;0;5;8;168;328;390;4041;6339;16054;20120;85696;0;565114,1;8254,7;1788,6;115,8;61,6;33,3;15,2;11;8,1;7,4;5,5
1332;26/06/2020;51000000;1;10;12;21;26;5;11;23713101;0;9;18;38;1049;1633;2726;22953;41590;98412;117337;530351;0;2;9;7;248;295;719;4116;9253;24020;20362;108449;0;75644,7;8839,7;1304,2;87;59,1;24,8;14,7;9;7,1;7,2;5
1331;23/06/2020;38000000;2;12;19;46;49;1;8;17025285;0;0;3;21;487;1142;1120;15908;22351;51961;85896;337786;0;0;1;2;90;252;231;3302;4649;10940;17211;68034;0;0;201011,8;1694,4;134,5;60,6;43,4;15,3;12,1;9,7;7,1;5,7
1330;19/06/2020;28000000;5;14;19;24;43;3;11;21937525;0;4;8;35;744;1537;1722;20217;33500;76928;103921;466080;0;0;2;7;147;311;377;3961;6692;16332;19943;93132;0;157456,5;18400;1309,9;113,5;58;36,4;15,5;10,4;8,4;7,5;5,3
1329;16/06/2020;17000000;4;9;11;17;39;2;10;15946881;0;2;4;16;636;1128;1656;15600;26331;68380;76193;353669;0;0;1;4;128;230;378;3256;5517;14398;16006;71327;0;228917,4;26750,8;2083;96,5;57,5;27,5;14,6;9,6;6,9;7,5;5,1
1328;12/06/2020;50000000;2;24;39;45;46;4;8;23486003;1;2;3;38;565;1564;1158;23702;26919;58277;142367;419915;0;0;1;8;83;310;199;4712;5132;10696;28909;81550;51583717;337141,5;52530,3;1291,7;160;61,1;58;14,1;13,9;11,9;5,9;6,3
1327;09/06/2020;37000000;5;15;27;36;46;2;8;17336870;0;3;2;33;550;1427;1095;22240;23196;51249;120489;352621;0;1;0;10;83;262;164;4274;4259;9336;23954;67457;0;165913,8;58165,1;1098;121,3;49,4;45,2;11,1;11,9;10;5,1;5,5
1326;05/06/2020;28000000;5;11;17;24;37;3;6;22056612;0;3;11;67;1100;2434;2165;31131;42614;84690;149368;545858;0;0;0;13;254;599;448;7135;8812;17509;33144;112688;0;211081,7;13454,5;688;77,1;36,8;29,1;10,1;8,2;7,7;5,3;4,5
1325;02/06/2020;17000000;10;12;22;26;49;7;11;15239953;0;5;9;17;547;1020;1288;14935;23592;53698;77349;328824;0;1;2;3;132;209;313;2882;5069;11295;14230;67595;0;87507,8;11362,2;1873,6;107,2;60,8;33,8;14,5;10,3;8,4;7;5,2
1324;29/05/2020;17000000;4;8;11;19;46;4;8;20308473;1;5;13;137;897;3574;1730;33182;37668;74615;134296;492834;0;2;5;47;203;909;421;7580;8918;16672;27287;104859;17000000;116611,2;10482,2;309,8;87,1;23,1;33,5;8,7;8,5;8;5,4;4,6
1323;26/05/2020;37000000;4;9;14;21;27;4;6;16178243;2;5;6;63;999;1993;1869;24082;33423;67756;106041;400538;1;0;2;18;226;480;412;5468;7345;14138;23358;81565;18571740;92895,4;18092,6;536,7;62,3;33;24,7;9,6;7,7;7;5,4;4,5
1322;22/05/2020;27000000;3;18;22;27;32;2;7;20446265;0;0;13;53;842;2454;1496;33462;36228;69537;158062;501467;0;0;1;4;76;159;162;2743;3890;7027;16270;60851;0;0;55708,2;806,2;93,4;33,9;39;8,7;9;8,7;4,6;4,6
1321;19/05/2020;17000000;5;25;32;37;43;6;7;15110568;0;1;6;21;467;981;934;14287;20912;40300;81398;312561;0;0;1;4;76;159;162;2743;3890;7027;16270;60851;0;433824,4;16898,6;1503,8;124,5;62,6;46,2;15,1;11,5;11,1;6,6;5,4
1320;15/05/2020;72000000;11;23;32;34;39;1;6;19713383;1;1;6;31;740;1409;1844;19013;29810;70025;101435;386395;1;0;2;6;161;318;336;4412;6611;14242;24326;85677;72969058;565971,2;22046,1;1329;102,5;56,9;30,5;14,8;10,5;8,3;6,9;5,7
1319;12/05/2020;63000000;9;16;29;37;39;4;11;14818413;0;1;11;27;482;1017;1228;13634;21054;50289;70785;287434;0;0;1;4;114;174;284;2800;4550;11122;14566;62387;0;425436,6;9039,2;1147;118,3;59,3;34,5;15,5;11,2;8,7;7,5;5,8
1318;08/05/2020;56000000;8;25;32;33;38;7;9;17699051;0;4;2;23;481;1213;1018;19060;23726;49676;109056;370064;0;1;0;5;103;280;198;4550;4802;9857;27863;79758;0;127034,9;59380,3;1608,3;141,6;59,3;49,7;13,2;11,8;10,5;5,8;5,4
1317;05/05/2020;48000000;2;10;22;27;41;2;3;13884845;0;1;2;12;611;1032;1045;14408;25736;44589;72201;340813;0;1;1;3;146;251;247;3246;6312;10718;16111;83586;0;398633,9;46583,6;2418,2;87,4;54,7;38;13,7;8,6;9,2;6,9;4,6
1316;01/05/2020;40000000;19;20;38;45;47;2;6;16186780;0;2;4;18;401;1114;856;17825;19899;43289;103637;307608;0;2;1;5;83;233;157;3869;4083;8598;24452;65937;0;232361,2;27153,3;1879,4;155,4;59,1;54;12,9;12,9;11,1;5,6;5,9
1315;28/04/2020;32000000;15;23;26;28;32;1;5;12365585;0;2;3;20;418;948;922;13442;19829;41941;68361;272611;0;0;0;6;98;211;194;3083;4426;9514;15797;60583;0;177507,9;27657,6;1292,2;113,8;53;38,3;13,1;9,9;8,7;6,5;5,1
1314;24/04/2020;25000000;1;5;19;21;28;4;7;15450800;0;2;11;58;838;1956;1666;24446;32242;63734;112741;397681;0;0;1;16;275;600;464;6791;9026;16630;30010;104992;0;221796,2;9424,9;556,7;70,9;32,1;26,5;9;7,6;7,2;4,9;4,4
1313;21/04/2020;17000000;10;11;14;23;28;6;8;11343296;0;0;9;36;630;1220;1302;15103;23666;49650;69348;289915;0;0;3;14;206;340;345;4087;6360;13598;17802;73917;0;0;44642,1;658,5;69,3;37,8;24,9;10,7;7,6;6,7;5,8;4,4
1312;17/04/2020;66000000;16;28;32;37;45;1;11;17323783;1;2;7;25;424;846;1382;13216;20091;54040;72658;289473;0;0;1;5;97;169;329;2625;4451;12204;14870;61970;67188313;248682,9;16606;1448,2;157,3;83,3;35,8;18,7;13,7;9,5;8,5;6,7
1311;14/04/2020;58000000;6;29;34;35;40;4;11;12445830;0;1;0;11;249;580;630;9521;12558;29444;56431;205136;0;0;0;1;52;96;140;1764;2548;6130;11053;42425;0;357319,7;0;9956,6;192,4;87,3;56,5;18,6;15,8;12,5;7,9;6,8
1310;10/04/2020;52000000;3;10;17;33;39;1;4;16533628;0;0;6;27;621;1122;1499;15836;25977;61580;81248;361603;0;0;0;3;113;247;340;3718;6031;14268;19161;86858;0;0;97603,5;1279,8;102,5;59,9;31,5;14,9;10,1;7,9;7,3;5,1
1309;07/04/2020;45000000;4;5;14;33;48;7;12;12099808;0;3;2;8;293;580;722;8985;14646;35661;48459;232864;0;1;0;1;62;134;155;1962;3269;7709;10466;53752;0;115795,1;40594,8;3161;158,9;84,9;47,9;19,2;13,1;10;8,9;5,8
1308;03/04/2020;37000000;16;19;34;46;50;2;6;15207406;0;1;1;27;395;957;862;16390;18322;39155;94506;288016;0;0;0;10;83;222;154;3649;3601;7629;22408;62074;0;436604,6;102041,7;1177,1;148,2;64,6;50,4;13,2;13,2;11,5;5,7;5,9
1307;31/03/2020;29000000;12;17;24;30;36;1;9;11041707;0;0;8;20;447;883;1017;12204;17399;40152;62225;231617;0;0;1;4;91;221;233;2860;3944;9196;14397;51907;0;0;48887,1;1153,8;95,1;50,8;31;12,9;10,1;8,1;6,3;5,4
1306;27/03/2020;24000000;11;14;27;41;46;2;3;14007830;0;3;4;11;515;811;922;12637;20959;40640;68974;309679;0;0;1;3;102;161;202;2748;4760;8895;14485;71085;0;134054,9;23498,1;2661,4;104,7;70,2;43,4;15,8;10,6;10,2;7,3;5,1
1305;24/03/2020;17000000;7;12;26;30;33;10;11;9964974;0;0;7;14;342;517;984;7338;13096;41534;38881;181198;0;0;1;1;87;125;252;1458;2919;10802;7204;39585;0;0;50422,7;1487,6;112,1;78,4;28,9;19,4;12,1;7,1;9,2;6,2
1304;20/03/2020;17000000;3;9;20;34;40;6;12;14310644;1;1;5;17;372;646;1026;10259;17906;48304;54381;257346;1;0;1;3;87;117;221;2050;3598;10256;10847;53601;17000000;410858,5;19204,8;1759,3;148,1;90,1;39,8;19,9;12,7;8,7;9,4;6,3
1303;17/03/2020;65000000;5;7;8;16;20;2;12;14090278;1;1;10;20;663;909;1871;11361;24878;65329;56137;308690;0;0;4;7;198;211;543;2651;6485;17750;11916;73342;63600033;404531,9;9454,5;1472,4;81,8;63;21,5;17,7;9;6,4;9;5,1
1302;13/03/2020;54000000;3;11;21;27;36;9;10;27808702;0;5;10;28;1050;1458;2496;21469;43876;107944;108210;586799;0;1;3;8;269;363;605;5001;11144;27439;25756;150457;0;159677,5;18659,6;2075,7;101,9;77,6;31,8;18,5;10,1;7,6;9,2;5,3
1301;10/03/2020;40000000;11;23;30;37;43;5;12;18465432;0;4;11;30;618;978;1393;13649;25024;60287;72480;352601;0;1;5;10;125;185;299;2433;4725;12233;12982;66613;0;132535,6;11263,9;1286,4;115;76,8;37,9;19,3;11,7;9;9,1;5,9
1300;06/03/2020;30000000;15;38;43;45;46;1;11;24362917;0;3;2;24;454;1195;1239;17365;24578;61429;98569;375415;0;0;0;4;69;217;234;3214;4417;11602;18405;69935;0;233153,1;81737,5;2121,6;206,6;82,9;56,2;20;15,8;11,7;8,8;7,3
1299;03/03/2020;17000000;4;14;27;44;45;1;10;17465900;0;2;8;31;515;942;1323;12916;21927;60320;69504;311126;0;1;3;10;105;205;239;2573;4267;11853;13470;62072;0;250722,9;14649,5;1177,5;130,5;75,4;37,7;19,3;12,7;8,5;9;6,3
1298;28/02/2020;66000000;8;11;20;22;23;3;4;27535705;1;4;6;86;1460;2458;2778;31146;56318;110228;142449;718242;0;1;1;18;350;494;644;6382;12964;24659;28327;156684;67084644;197637,5;30794;669,1;72,6;45,5;28,3;12,6;7,7;7,4;6,9;4,3
1297;25/02/2020;51000000;1;4;18;27;42;4;6;19734828;0;2;4;41;698;1862;1551;25527;31969;66345;126041;437820;0;0;0;10;151;449;352;6194;6922;13918;28941;92196;0;283293,4;33105,1;1005,9;108,8;43,1;36,3;11;9,8;8,8;5,6;5,1
1296;21/02/2020;41000000;7;23;30;32;45;5;9;25539062;0;4;6;64;1075;2748;1893;35431;41353;83014;180129;578223;0;1;2;14;192;395;401;6384;8177;17339;34181;114601;0;183306,6;28561,1;834;91,4;37,8;38,5;10,3;9,8;9,1;5;5
1295;18/02/2020;27000000;11;32;34;38;47;2;10;18253392;0;2;3;22;432;1051;1084;14720;21333;51032;81867;313390;0;0;1;3;75;237;194;3073;3916;9325;17320;59434;0;262027,4;40826,7;1734;162,6;70,6;48,1;17,7;13,6;10,6;8;6,5
1294;14/02/2020;17000000;5;20;35;41;49;6;10;25523944;0;3;6;22;622;1413;1573;20251;27721;67779;114200;433629;0;1;1;3;100;277;306;4027;5845;14149;24351;95066;0;244264,1;28544,2;2424,7;157,9;73,5;46,4;18;14,6;11,1;8;6,6
1293;11/02/2020;17000000;24;26;32;43;46;6;10;18374664;1;5;5;22;441;1016;1073;15248;21754;49845;82255;319038;0;1;0;3;93;210;232;2822;4476;9566;15585;63583;17000000;105507,3;24658,7;1745,5;160,4;73,6;48,9;17,2;13,4;10,9;8;6,5
1292;07/02/2020;130000000;9;15;17;25;40;3;9;45434887;1;10;21;125;1753;4818;3470;64186;78373;154867;316390;1051780;0;3;1;33;351;1122;758;15264;17574;35075;74755;240147;130000000;130443,5;14517,5;759,6;99,7;38,3;37,4;10,1;9,2;8,7;5,1;4,8
1291;04/02/2020;38000000;21;23;33;35;47;6;7;21678367;0;4;9;47;659;1573;1461;22081;32479;61757;116314;473901;0;0;0;4;97;278;222;3826;5207;9613;20273;80717;0;155596,4;16162,4;963,9;126,6;56;42,4;14;10,6;10,4;6,7;5,1
1290;31/01/2020;28000000;13;18;20;23;30;2;4;25114298;0;12;18;47;1213;2571;2496;31283;46534;98157;147291;608229;0;4;9;6;294;553;533;6648;10088;20560;30517;126309;0;90934,6;14119,8;2645;109,3;71,9;42;15,4;10,9;9,8;9,2;6,7
1289;28/01/2020;17000000;1;19;27;31;38;4;5;17517075;0;2;2;29;564;1204;1125;17912;27327;55691;93807;399108;0;2;1;8;111;218;242;3417;5320;11339;17795;77279;0;380558,4;88636,3;2989,9;163,9;107,2;65;18,8;13;12,1;10,1;7,1
1288;24/01/2020;28000000;3;4;6;9;24;5;8;24414393;1;5;12;97;1304;3192;3205;38557;48109;107815;191616;590286;0;0;1;1;100;254;177;4522;4678;9290;24848;72834;28601720;212161;20589,4;1245,8;98,8;56,3;31,8;12,1;10,3;8,7;6,9;6,7
1287;21/01/2020;17000000;10;11;24;36;46;3;5;17685261;0;3;5;21;474;1333;983;22813;24456;47953;127338;374176;0;0;1;1;100;254;177;4522;4678;9290;24848;72834;0;256141,5;35794,9;4168,6;197;97,7;75,2;14,9;14,7;14,1;7,5;7,7
1286;17/01/2020;100000000;8;19;20;29;44;3;8;32157055;1;4;5;64;1164;3451;2256;48159;54426;106522;220155;763017;0;0;3;17;231;707;464;9628;11948;22311;42103;160422;100779289;349306;65085,8;2487,1;145,8;68,6;59,5;12,8;12;11,6;7,9;6,8
1285;14/01/2020;90000000;21;25;29;39;44;8;9;23847582;0;4;5;19;735;1469;1385;21378;33632;67915;114796;505479;0;0;0;3;127;271;247;3871;6066;12451;21174;94023;0;259044,3;48267,5;6212,9;171,3;119,6;71,9;21,4;14,4;13,5;11,3;7,7
1284;10/01/2020;83000000;6;17;32;44;46;2;6;29657402;0;2;5;54;944;2310;2075;34755;41192;88541;188097;600962;0;0;2;8;183;425;342;7160;8071;15959;39742;118711;0;644307;60026,5;2718,5;165,8;94,6;59,7;16,4;14,6;12,8;8,5;8
1283;07/01/2020;75000000;5;8;12;37;43;6;11;21770211;0;2;17;28;673;1359;1479;19964;29548;73786;103598;431059;0;1;7;6;122;282;342;4348;6308;15942;20858;89042;0;472957,8;12959,6;3848,6;170,7;118;61,5;20,9;14,9;11,3;11,4;8,2
1282;03/01/2020;62000000;5;15;20;36;47;8;12;25825155;0;5;8;26;710;1294;1696;18386;30832;79892;98325;457864;0;1;0;3;111;231;272;3124;5559;14861;17379;84669;0;224420,6;32668,8;4916,7;192;147;63,6;27;17;12,4;14,3;9,2
1281;31/12/2019;49000000;26;31;33;41;48;2;4;29540141;0;2;6;36;823;1696;1704;26542;35939;78300;152760;553146;0;0;0;7;145;276;312;4533;5792;12509;27260;93057;0;641759,5;49824,3;4061,7;189,5;128,3;72,4;21,4;16,7;14,5;10,5;8,7
1280;27/12/2019;38000000;1;7;22;26;35;5;10;23572888;0;2;9;31;725;1507;1838;22757;34192;80968;117869;498203;0;0;1;6;157;295;399;4289;6785;17008;21171;98807;0;512121;26506,4;3764;171,6;115,2;53,6;19,9;14;11,2;10,8;7,7
1279;24/12/2019;25000000;3;11;13;14;47;3;6;22056045;0;1;4;45;770;2204;1531;31898;38449;74332;150061;539471;0;0;2;9;158;533;303;7325;8269;15375;33851;112016;0;958335,1;55801,7;2426,1;151,2;73,7;60,2;13,3;11,6;11,4;8;6,6
1278;20/12/2019;0;8;24;30;32;34;3;4;23970457;0;1;3;37;647;1595;1384;22516;35481;69386;118818;512263;0;1;1;7;110;288;247;4282;6794;12958;23102;101783;0;1041516,4;80860,3;3206,8;195,6;110,7;72,3;20,4;13,7;13,3;10,9;7,6
1277;17/12/2019;47000000;1;7;12;25;49;6;9;20074306;1;2;14;69;1037;2013;2427;26312;35889;79871;128030;462960;0;0;2;14;203;453;479;5343;8150;17583;24515;96705;48949099;436114,3;14510,8;1440,1;102,2;73,4;34,5;14,6;11,3;9,6;8,5;7
1276;13/12/2019;37000000;9;16;18;23;32;2;10;28640051;0;3;11;51;1106;1909;2723;27182;44936;110577;136013;602141;0;3;2;12;302;513;704;7308;11451;27648;36499;153432;0;414803,4;26348,8;2779,7;136,7;110,5;43,9;20,2;12,9;9,9;11,4;7,7
1275;10/12/2019;25000000;2;10;19;21;47;2;8;18518593;0;0;4;53;832;2188;1567;28972;31627;63488;140485;421035;0;0;2;8;182;493;348;6144;6957;13556;28654;87921;0;0;248010,2;1729,5;117,5;62,3;49,3;12,3;11,9;11,2;7,1;7,1
1274;06/12/2019;17000000;1;3;27;39;46;1;10;23965035;0;2;2;16;617;1267;1609;18726;29386;75604;99123;438621;0;0;0;4;104;254;305;3643;5790;14805;19327;88178;0;520640,3;121263;7414,1;205;139,4;62,2;24,6;16,5;12,2;13,1;8,9
1273;03/12/2019;47000000;18;31;32;38;48;4;12;20331615;1;1;4;25;455;1005;1152;14591;23817;58409;76990;338132;0;0;0;2;65;144;177;2354;4079;9866;12511;58057;48061132;883408,7;51438,9;4025,6;235,9;149;73,7;26,8;17,3;13,4;14,3;9,8
1272;29/11/2019;37000000;3;7;12;42;50;6;8;26335653;0;2;5;39;850;2039;2056;30490;41699;95157;154348;591932;0;0;0;8;163;448;429;6511;8350;19062;31711;117758;0;572142;53303,3;3342,6;163,5;95,1;53,5;16,6;12,8;10,6;9,2;7,2
1271;26/11/2019;25000000;2;3;15;19;34;5;8;18697064;0;4;6;40;599;1872;1224;28500;28745;59498;145869;427584;0;1;2;7;109;375;214;5209;5178;11185;26534;78204;0;203096,8;31535,7;2313,7;164,8;73,6;63,8;12,6;13,2;12;6,9;7,1
1270;22/11/2019;17000000;3;21;32;34;48;3;11;24455405;0;4;6;28;736;1473;1706;20911;33185;70798;111809;471530;0;0;1;1;105;261;276;3832;5789;12190;21036;85913;0;265646,8;41248,1;4323,3;175,4;122,3;59,9;22,5;14,9;13,2;11,9;8,4
1269;19/11/2019;123000000;8;10;15;30;42;4;6;27243932;1;3;13;50;980;2503;2139;33133;42830;94664;165627;586347;0;1;0;4;188;534;342;6834;8200;17769;34932;110638;122766852;394582,9;21208,3;2697,1;146,7;80,2;53,2;15,8;12,9;11;8,9;7,5
1268;15/11/2019;114000000;3;13;20;32;34;4;11;33249386;0;11;10;37;974;2043;2402;29316;44697;109171;153744;651616;0;1;1;8;164;314;458;5015;7852;20181;26202;119508;0;131335;33648,3;4448,2;180,2;119,9;57,8;21,8;15,1;11,7;11,7;8,3
1267;12/11/2019;104000000;1;21;23;25;39;2;4;25010675;0;5;10;46;731;1662;1632;25801;35754;77073;138750;536172;0;1;0;9;113;323;279;4609;6397;13287;25429;97083;0;217342,7;25310,8;2691,3;180,6;110,9;64;18,6;14,2;12,4;9,8;7,6
1266;08/11/2019;96000000;8;17;20;23;45;2;8;34645564;0;4;8;107;1409;4226;2770;54626;62226;123423;251743;805780;0;0;2;19;287;811;517;10725;11566;22464;47400;147882;0;376337,4;43826,6;1602,7;129,8;60,4;52,2;12,2;11,3;10,8;7,4;7
1265;05/11/2019;86000000;9;14;25;33;48;2;12;22949365;0;3;8;27;689;1158;1736;17043;29423;76286;90783;421319;0;1;0;2;119;206;302;3034;5428;14252;16702;79854;0;332383,3;29030,9;4207,3;175,8;146;55,2;25,9;15,8;11,5;13,7;8,8
1264;01/11/2019;80000000;2;20;39;44;48;5;7;27612570;0;2;4;43;747;2025;1583;32660;34120;72892;199642;539730;0;0;0;4;138;387;250;6277;5943;12109;40127;98527;0;599883;69859,8;3178,6;195,1;100,4;72,9;16,2;16,4;14,5;7,5;8,3
1263;29/10/2019;71000000;16;18;28;42;49;5;10;21877117;0;1;5;25;644;1417;1397;19878;28803;65663;107248;422626;0;0;1;4;139;288;286;3560;5601;12976;18792;80755;0;950560,7;44279,2;4331,6;179,3;113,7;65,4;21,1;15,4;12,8;11,1;8,4
1262;25/10/2019;61000000;34;37;39;40;50;4;10;27680552;0;3;5;26;638;1350;1443;21046;28814;66268;118817;449947;0;0;0;3;121;245;257;3802;4943;11288;22430;79364;0;400906,6;56025,4;5269,9;229;151,1;80,1;25,3;19,5;16;12,6;10
1261;22/10/2019;47000000;2;5;32;33;47;7;8;20317345;0;1;5;38;578;1115;1174;18981;27336;54245;104750;432939;0;1;0;6;111;216;191;3697;5085;9695;20746;84270;0;882788,6;41122,3;2646,6;185,5;134,2;72,3;20,6;15,1;14,4;10,5;7,6
1260;18/10/2019;37000000;8;18;22;41;42;11;12;26311657;0;6;17;29;657;1275;1802;17985;28627;86638;96647;419915;0;2;1;7;121;246;367;3155;5487;18346;17374;82113;0;190540,2;15663,1;4491,1;211,4;152;61;28,1;18,7;11,6;14,8;10,2
1259;15/10/2019;26000000;3;28;31;32;34;4;5;19691984;0;2;9;19;489;1199;1283;17987;25168;56022;101152;398184;0;0;1;11;107;237;271;3436;4765;11638;20632;77189;0;427808,3;22142,5;5130,2;212,6;121;64,1;21;15,9;13,5;10,6;8
1258;11/10/2019;17000000;2;14;19;42;45;5;6;26928487;0;4;5;41;772;1655;1610;25895;38137;77470;141583;587667;0;2;0;7;176;333;351;5250;8584;17168;28453;133526;0;292510,7;54503,2;3251,1;184,1;119,9;69,9;20;14,3;13,3;10,3;7,4
1257;08/10/2019;190000000;7;10;15;44;49;3;12;61419075;1;4;25;80;1775;3555;4105;51358;83674;199382;268223;1237128;0;2;8;15;387;723;940;10906;18819;45508;56902;277755;190000000;5227531,1;24862,4;3800,3;182,7;127,3;62,5;23;14,9;11,8;12,4;8,1
1256;04/10/2019;190000000;6;9;35;41;44;6;9;59239592;0;8;12;142;1635;5408;3547;76747;76787;163897;346714;1191332;0;2;3;36;338;1185;767;16784;16433;34044;72350;263141;0;2521014,8;49958,7;2065;191,3;80,7;69,8;14,8;15,6;13,9;9,3;8,1
1255;01/10/2019;190000000;2;11;18;40;46;1;4;47035044;0;7;11;67;1312;2733;2856;40930;59217;136223;225621;894326;0;0;2;14;259;491;555;7604;11495;25911;43001;173210;0;2287582,9;43272,2;3474,9;189,2;126,8;68,8;22,1;16,1;13,2;11,3;8,5
1254;27/09/2019;190000000;24;37;41;43;46;2;8;55199552;0;4;8;84;1341;3553;3070;54412;64732;145079;328406;973849;0;0;5;17;200;527;471;9248;10426;23479;58207;161922;0;4698171,8;69827,4;3252,8;217,3;114,5;75,1;19,5;17,3;14,6;9,1;9,2
1253;24/09/2019;190000000;2;33;42;47;48;1;2;45334873;0;3;16;52;1068;2515;2566;38002;53715;121412;211329;824779;0;0;4;10;164;401;418;6299;9117;20319;36355;144759;0;5012664;28674,3;4315,5;224,1;132,8;73,8;22,9;17,1;14,3;11,6;8,9
1252;20/09/2019;188000000;8;21;25;38;50;4;8;48687897;0;13;36;99;1749;4132;3634;59500;70884;149809;305185;1018783;0;5;8;23;360;785;756;11635;13635;28788;60348;196936;0;162729,9;13686,7;2434,3;146,9;86,8;56;15,7;13,9;12,5;8,6;7,8
1251;17/09/2019;173000000;22;37;43;44;45;1;12;37334755;0;7;10;43;871;1978;2156;29092;40987;108027;161118;595679;0;2;2;10;150;371;389;5177;7151;20230;29084;105396;0;231742,1;37782,7;4297,8;226,3;139,1;72,3;24,7;18,5;13,3;12,6;10,2
1250;13/09/2019;162000000;1;12;27;42;47;6;7;47804645;0;4;16;83;1521;3434;2945;50135;72468;139908;264157;1069841;0;0;3;21;387;863;727;12564;19493;33977;65264;280036;0;519277,9;30236,4;2850,9;165,9;102,5;67,8;18,3;13,4;13,1;9,8;7,2
1249;10/09/2019;149000000;3;22;25;30;49;3;6;33288700;0;3;6;45;1105;2885;2210;41068;49165;101295;216090;721509;0;2;1;3;209;605;389;8744;9388;19097;46041;138135;0;482131,3;56146,9;3661,7;159;85;62,9;15,6;13,7;12,6;8,3;7,5
1248;06/09/2019;139000000;10;13;22;40;48;2;5;39731254;0;6;11;88;1336;3555;2793;50958;61691;123459;260116;879585;0;3;3;14;289;684;556;10058;11969;24837;51206;173046;0;287720,4;36552,7;2234,8;157;82,3;59,4;15;13,1;12,3;8,3;7,3
1247;03/09/2019;127000000;7;11;38;39;44;7;10;30281710;0;0;6;38;989;2106;2007;30949;44215;91842;159179;657760;0;0;1;10;174;413;332;6629;8189;16147;33701;128265;0;0;270365,2;3944,5;161,6;105,9;63;18,8;13,9;12,6;10,3;7,5
1246;30/08/2019;119000000;25;27;45;46;49;4;6;36173017;0;0;9;51;877;2189;1978;36140;41656;93998;209707;661829;0;0;0;5;146;392;356;7261;7491;16460;44309;119860;0;0;215309,8;3510,9;217,7;121,7;76,4;19,2;17,6;14,8;9,3;8,9
1245;27/08/2019;108000000;8;26;35;43;47;1;9;25563762;0;5;10;32;719;1534;1735;23821;31446;74153;134690;464472;0;3;3;9;162;251;343;4560;5684;13470;26409;84761;0;222149;25870,5;3954,3;187,7;122,8;61,5;20,6;16,5;13,2;10,3;8,9
1244;23/08/2019;100000000;4;17;35;42;45;2;8;32224115;0;5;7;50;1019;2644;2069;40271;43330;93335;217127;641364;0;3;0;6;179;503;380;7518;7724;16293;42293;116163;0;280027,5;46586,8;3190,1;166,9;89,8;65,1;15,4;15,1;13,2;8;8,2
1243;20/08/2019;91000000;20;22;23;24;37;1;4;22760402;0;2;4;28;659;1365;1504;20516;29238;66071;112268;447685;0;0;0;4;117;219;238;3652;5280;11732;20765;82794;0;494469,7;57583,8;4023,7;182,3;122,8;63,2;21,3;15,8;13,2;11;8,3
1242;16/08/2019;84000000;9;10;27;37;42;1;5;27110845;0;2;9;46;828;1953;1767;28769;38647;84907;153135;583188;0;0;2;13;158;367;306;5461;6884;15598;29656;108595;0;588983,1;30484,6;2917,3;172,8;102,3;64,1;18,1;14,2;12,2;9,6;7,5
1241;13/08/2019;75000000;13;29;31;33;40;2;3;21339995;0;5;3;26;696;1310;1445;19106;34919;66279;103995;486619;0;1;0;6;122;244;287;3475;6503;11987;19149;92288;0;185444,5;71986,9;4062,8;161,8;120;61,7;21,5;12,4;12,3;11,1;7,1
1240;09/08/2019;69000000;2;14;35;41;42;10;11;26779765;0;1;2;19;573;1214;1663;19049;27598;73885;104263;423084;0;0;1;4;95;185;305;2990;4621;12832;16691;72359;0;1163580,7;135505,6;6976,8;246,7;162,5;67,3;27;19,7;13,9;13,9;10,3
1239;06/08/2019;57000000;12;13;29;36;38;4;12;19582491;0;2;9;17;513;935;1260;14355;24313;63616;75941;359184;0;0;2;6;85;133;239;2475;4505;12347;13492;68927;0;425429,6;22019,4;5701,9;201,5;154,3;64,9;26,2;16,3;11,8;14;8,9
1238;02/08/2019;48000000;13;22;33;44;50;2;5;24713538;0;8;22;73;1640;2536;3284;31624;45572;90028;161823;568519;0;2;4;14;350;501;767;6072;9279;18622;32060;110006;0;134225,4;11368,2;1675,7;79,5;71,8;31,4;15;11;10,5;8,3;7,1
1237;30/07/2019;36000000;15;20;23;27;40;3;6;17887500;0;2;3;36;667;1715;1281;23174;29818;60055;117052;408048;0;1;0;7;115;379;194;5141;5685;11236;25743;80303;0;388605,9;60340,5;2459,5;141,5;76,8;58,3;14,8;12,2;11,4;8,3;7,1
1236;26/07/2019;28000000;2;5;27;37;42;3;10;22821864;0;2;5;34;598;1356;1403;21247;29244;69869;110894;444960;0;1;2;2;115;288;248;4371;5614;13455;23057;87488;0;495804,9;46191,4;3322,5;201,5;124;67,9;20,6;15,8;12,5;11,2;8,3
1235;23/07/2019;17000000;1;14;19;23;38;3;7;16449976;0;2;7;51;546;2274;1167;32194;28152;54082;160869;403012;0;0;1;7;133;548;205;6955;5887;10689;34198;85351;0;357375,7;23781,9;1596,6;159;53,3;58,9;9,8;11,8;11,7;5,5;6,6
1234;19/07/2019;108000000;13;14;17;26;28;2;7;34226985;1;10;21;125;1802;4324;3200;55442;67615;127072;257401;880010;0;1;4;37;411;1054;681;12662;13972;24154;55623;174612;107683454;148716,2;16494,1;1355,3;100,2;58,3;44,7;11,8;10,3;10,3;7,2;6,3
1233;16/07/2019;97000000;3;5;13;18;39;7;8;23724920;0;6;5;47;965;1857;1971;25340;45728;87434;125128;614745;0;1;2;12;185;381;355;5225;9544;17122;24733;127317;0;171807,9;48019,2;2498,6;129,8;94,1;50,3;18;10,5;10,4;10,3;6,3
1232;12/07/2019;90000000;2;31;39;45;47;4;8;29375693;0;3;5;47;656;1842;1624;28203;33286;74811;169970;519499;0;0;3;15;97;325;254;4964;5948;13113;31866;93106;0;425457,9;59456,4;3093,8;236,4;117,5;75,6;20;17,9;15,1;9,4;9,2
1231;09/07/2019;81000000;7;29;32;36;41;6;7;21945415;0;4;2;27;725;1516;1356;21973;30577;60008;121307;464477;0;1;0;7;138;259;247;4045;5513;10008;23845;87403;0;238382;111043,7;4023,3;159,8;106,6;67,6;19,2;14,6;14;9,8;7,7
1230;05/07/2019;74000000;2;9;20;34;42;6;9;27303521;0;4;13;46;898;2035;1862;31188;39967;81297;169144;567713;0;3;2;10;165;411;390;6194;8239;16162;32414;115321;0;296584,4;21254,7;2938;160,5;98,8;61,2;16,8;13,9;12,9;8,7;7,8
1229;02/07/2019;66000000;11;19;29;44;45;8;12;20175674;0;2;9;22;590;985;1564;14841;26672;70404;77719;383096;0;0;1;4;90;163;280;2586;5244;14042;13562;72906;0;438316,5;22686,4;4539,5;180,5;150,9;53,9;26,1;15,3;11;14,1;8,6
1228;28/06/2019;56000000;1;3;16;33;49;2;11;25763522;0;3;15;51;707;1740;1808;24811;34297;83417;127473;499692;0;2;3;9;133;342;348;4751;6410;16615;24707;95137;0;373141,6;17381,7;2500,5;192,4;109,1;59,5;19,9;15,2;11,8;11;8,4
1227;25/06/2019;45000000;6;26;27;34;46;1;9;18105622;0;0;1;15;456;1110;1022;17529;22361;51866;99304;337389;0;0;0;3;75;241;165;3481;4106;9397;20609;65058;0;0;969918,1;5974,8;209,6;120,2;74;19,8;16,4;13,4;9,9;8,7
1226;21/06/2019;36000000;5;8;9;25;39;3;7;23944555;0;2;3;60;938;3423;1901;46054;42846;85581;223352;589845;0;0;0;13;188;782;378;10555;9489;18232;50628;132665;0;520195,4;80772,9;1975,4;134,7;51,5;52,6;10;11,3;10,7;5,8;6,6
1225;18/06/2019;24000000;12;24;37;40;44;3;7;17482475;0;5;5;54;720;1938;1361;27386;26506;52595;152015;369398;0;1;1;21;179;453;309;6042;5872;10578;33135;79075;0;151922,7;35384,5;1602,5;128,2;66,4;53,6;12,2;13,4;12,7;6,2;7,7
1224;14/06/2019;17000000;1;13;30;31;39;2;7;24029730;0;6;12;35;728;2051;1622;32911;35750;72082;177551;533312;0;0;4;8;158;512;367;8371;8104;15129;44790;120808;0;174015,2;20265;3398,4;174,2;86,3;61,9;14;13,6;12,8;7,3;7,3
1223;11/06/2019;139000000;25;27;39;42;46;11;12;29349705;1;6;4;30;792;1506;2003;21733;33452;89107;115944;478697;0;1;0;4;169;252;447;3815;6167;17971;20444;87797;138716863;212540,7;74254,7;4842,7;195,6;143,6;61,2;25,9;17,8;12,6;13,7;10
1222;07/06/2019;130000000;1;4;16;20;34;2;5;46328888;0;6;16;97;1506;3958;3173;54988;69133;142600;283917;985415;0;0;0;19;385;895;751;12689;16218;34168;65441;230855;0;335498,3;29303;2364,2;162,4;86,2;61;16,2;13,6;12,5;8,8;7,6
1221;04/06/2019;24000000;9;31;32;39;41;2;8;17634945;0;2;3;28;406;1268;886;19530;20715;45632;115154;322830;0;0;1;4;66;238;169;3629;3579;8100;22864;59453;0;383119,1;59488,5;3117,6;229,3;102,4;83,1;17,3;17,3;14,8;8,3;8,9
1220;31/05/2019;17000000;1;23;24;26;35;1;11;22115736;0;1;3;25;500;1288;1226;18713;26753;65466;99578;406788;0;0;1;2;91;239;219;3397;5002;12358;18428;77661;0;960928,7;74603,7;4378,9;233,5;126,5;75,4;22,7;16,8;13;12;8,8
1219;28/05/2019;66000000;7;19;20;28;29;1;5;18847682;2;7;8;39;926;1809;1722;23466;36293;75900;107921;467392;1;0;4;9;181;356;377;4938;7877;17062;22038;97379;32676834;0;23842,3;2392,2;107,4;76,7;45,7;15,4;10,5;9,5;9,5;6,5
1218;24/05/2019;57000000;5;16;23;30;49;6;7;24827283;0;6;10;55;987;1778;1915;26213;42096;81630;138645;576703;0;2;2;6;218;357;377;5417;8988;16445;28287;121897;0;179790,9;25125,2;2234,4;132,8;102,9;54,1;18,2;12;11,7;9,7;7
1217;21/05/2019;44000000;32;33;34;39;47;8;12;17910485;0;0;4;16;391;826;1015;12402;18600;45177;67288;284142;0;0;0;2;63;145;163;2208;3121;8180;11882;50071;0;0;239866,1;5541;241,8;159,8;73,7;27,8;19,5;15,2;14,4;10,2
1216;17/05/2019;36000000;16;28;42;43;45;6;7;23424638;0;5;2;30;612;1384;1229;21374;29622;60024;120599;460174;0;1;0;4;157;301;222;4376;6526;12029;25471;98693;0;203560,1;118528,6;3865;202;124,7;79,6;21;16;15;10,5;8,3
1215;14/05/2019;25000000;10;14;17;25;50;2;10;16744258;0;2;2;25;570;1193;1384;16819;26264;61193;80710;362227;0;0;0;8;116;258;294;3734;5280;12431;17291;74790;0;363769;84725,9;3315,3;155,1;103,4;50,5;19,1;12,9;10,5;11,2;7,5
1214;10/05/2019;17000000;1;4;27;45;48;1;7;22218537;0;2;3;36;610;1593;1191;25284;29217;59120;134554;457887;0;0;1;7;124;386;236;6246;6216;11416;32761;98985;0;482697,7;74950,5;3055;192,3;102,7;77,9;16,9;15,4;14,4;8,9;7,9
1213;07/05/2019;25000000;7;20;26;32;47;2;11;16886490;1;3;9;26;484;1162;1119;16424;21674;51594;83651;322911;1;0;1;4;105;236;194;3423;4277;10199;17437;65620;25024461;244572,6;18987,9;3214,9;184,2;107,1;63;19,7;15,8;12,6;10,9;8,5
1212;03/05/2019;17000000;2;9;20;27;43;5;6;22075668;0;4;7;32;798;1533;1736;22301;35833;71945;115887;508803;0;0;1;4;212;294;387;4340;8158;16365;21942;111119;0;239796,9;31915,1;3414,8;146;106,1;53,1;19;12,5;11,8;10,3;7
1211;30/04/2019;25000000;5;12;20;26;48;2;11;17521090;1;3;5;28;653;1264;1650;16198;25907;65654;84365;357845;0;1;2;8;144;281;404;3415;5754;14991;17143;75615;25326022;253763,7;35462,6;3097,4;141,6;102,1;44,3;20,8;13,7;10,2;11,3;7,9
1210;26/04/2019;17000000;14;33;35;47;50;9;11;22357732;0;0;6;29;521;1212;1277;17295;26054;58923;93752;392402;0;0;2;8;90;189;222;2836;4598;10620;15951;69913;0;0;199617,2;3816,2;226,5;135,9;73,1;24,8;17,4;14,6;12,9;9,3
1209;23/04/2019;44000000;18;23;27;42;44;2;7;16937932;1;3;5;38;580;1864;1182;25949;28192;53531;128211;394701;0;2;1;15;126;445;250;6215;6238;10801;30048;84127;44153561;245317,7;34282,3;2206,3;154,1;66,9;59,8;12,5;12,2;12,1;7,1;7
1208;19/04/2019;36000000;7;8;32;41;49;5;11;22799407;0;0;3;27;583;1267;1236;20266;27630;62283;111831;434540;0;0;1;5;106;230;194;3654;5121;12446;20779;85066;0;0;407121,4;4179,8;206,4;132,6;77,1;21,6;16,7;14;11,1;8,5
1207;16/04/2019;25000000;1;8;15;44;49;2;11;17403991;0;1;8;24;414;1086;1154;15688;21786;53562;82585;334699;0;0;3;5;92;215;252;3186;4309;11406;16708;67940;0;756203,4;22016;3589,5;221,9;118,1;63;21,3;16,2;12,5;11,4;8,4
1206;12/04/2019;17000000;1;28;35;36;46;6;9;23520131;0;4;3;23;503;1239;1070;22172;24800;54645;135186;411031;0;1;1;6;91;240;202;4136;4899;10667;27268;82148;0;255487,4;79341,2;5061,9;246,8;139,9;91,8;20,4;19,2;16,5;9,4;9,3
1205;09/04/2019;79000000;18;21;29;38;41;1;11;21222175;1;5;6;34;656;1121;1624;17697;25337;66717;92036;373477;0;1;1;9;112;192;301;3117;4745;12774;17173;70095;79149373;184420,7;35794,7;3089,6;170,8;139,5;54,6;23;17;12,2;12,5;9,2
1204;05/04/2019;72000000;1;7;10;29;45;3;5;28078348;0;3;5;73;1115;2975;2287;42731;49723;96089;211470;679420;0;1;2;19;281;672;544;8977;11222;21686;42724;143706;0;406668;56830,5;1903,9;132,9;69,5;51,3;12,6;11,4;11,2;7,2;6,7
1203;02/04/2019;59000000;2;9;16;26;36;6;7;20170008;0;4;5;29;819;1553;1594;20369;34213;63932;107168;453352;0;1;2;3;159;270;317;3982;6997;12103;21269;93613;0;219096,7;40824;3442,8;130;95,7;52,8;19;11,9;12,1;10,2;7,2
1202;29/03/2019;49000000;13;23;26;32;47;6;10;26177718;0;3;10;39;820;1752;2029;24324;37264;90504;124003;512384;0;0;2;8;124;311;354;4411;7133;16747;22831;100109;0;379140,6;26491,8;3322,5;168,5;110,1;53,9;20,7;14,2;11,1;11,4;8,3
1201;26/03/2019;37000000;12;19;23;43;47;2;6;18434280;0;7;6;25;659;1701;1349;23314;28860;61183;118249;400920;0;0;0;6;134;423;245;5016;6073;12116;25089;83355;0;114424,2;31092,4;3649,9;147,6;79,8;57,1;15,2;12,9;11,5;8,4;7,5
1200;22/03/2019;28000000;4;17;26;30;43;6;11;24661500;0;7;13;44;901;1725;2181;22496;34752;87132;115283;481970;0;2;3;8;187;371;434;4476;7093;17986;22494;96294;0;153077,4;19198;2774,4;144,5;105,3;47,2;21,1;14,4;10,8;11,6;8,3
1199;19/03/2019;17000000;1;6;9;34;47;7;12;17351978;0;1;3;16;445;842;1048;12395;22274;55355;65710;324348;0;1;0;3;94;169;218;2525;4743;11770;12884;70349;0;753943,4;58534;5368,2;205,8;151,8;69,2;26,9;15,8;12;14,3;8,7
1198;15/03/2019;82000000;3;15;24;42;46;9;12;30510153;1;6;17;31;839;1465;2034;21579;38042;96195;113757;552873;0;1;1;10;159;255;380;3667;7044;18609;19391;102971;83410540;220944,3;18162,5;4871,7;192;153,4;62,7;27,2;16,3;12,2;14,6;9
1197;12/03/2019;73000000;5;7;13;19;31;2;9;21945122;0;2;19;108;1766;2736;3616;31806;51929;110625;141942;586981;0;0;5;20;393;618;817;6471;11621;25104;28236;123337;0;476757,7;11688,6;1005,8;65,6;59,1;25,3;13,2;8,5;7,6;8,4;6,1
1196;08/03/2019;62000000;17;18;19;24;40;4;8;28463630;0;7;9;51;954;2372;1920;36124;41771;89166;192017;620211;0;2;0;11;166;482;347;7329;8084;16826;39458;124822;0;176677,8;32005,7;2762,6;157,5;88,4;61,9;15,1;13,8;12,2;8;7,4
1195;05/03/2019;49000000;6;10;16;39;46;8;11;20322162;0;0;4;22;499;1038;1345;16484;25029;62368;89499;374161;0;0;1;4;103;186;284;2949;4764;12669;16214;72702;0;0;272164,5;4572,4;215;144,2;63,1;23,7;16,5;12,5;12,3;8,8
1194;01/03/2019;39000000;6;9;19;26;31;11;12;31267334;0;4;16;40;1042;1576;3712;23519;40147;138454;122104;544016;0;0;4;9;165;252;802;3438;6810;28106;17678;87733;0;339641,4;19776,5;3869,3;158,4;146,2;35,2;25,5;15,8;8,6;13,9;9,3
;;;;;;;;;;;;;;;;;;;;;;;;;;;;;;;;;;;;;;;;;;;;;;
;;;;;;;;;;;;;;;;;;;;;;;;;;;;;;;;;;;;;;;;;;;;;;
;;;;;;;;;;;;;;;;;;;;;;;;;;;;;;;;;;;;;;;;;;;;;;
;;;;;;;;;;;;;;;;;;;;;;;;;;;;;;;;;;;;;;;;;;;;;;
;;;;;;;;;;;;;;;;;;;;;;;;;;;;;;;;;;;;;;;;;;;;;;
;;;;;;;;;;;;;;;;;;;;;;;;;;;;;;;;;;;;;;;;;;;;;;
;;;;;;;;;;;;;;;;;;;;;;;;;;;;;;;;;;;;;;;;;;;;;;
;;;;;;;;;;;;;;;;;;;;;;;;;;;;;;;;;;;;;;;;;;;;;;
;;;;;;;;;;;;;;;;;;;;;;;;;;;;;;;;;;;;;;;;;;;;;;
;;;;;;;;;;;;;;;;;;;;;;;;;;;;;;;;;;;;;;;;;;;;;;
;;;;;;;;;;;;;;;;;;;;;;;;;;;;;;;;;;;;;;;;;;;;;;
;;;;;;;;;;;;;;;;;;;;;;;;;;;;;;;;;;;;;;;;;;;;;;
;;;;;;;;;;;;;;;;;;;;;;;;;;;;;;;;;;;;;;;;;;;;;;
;;;;;;;;;;;;;;;;;;;;;;;;;;;;;;;;;;;;;;;;;;;;;;
;;;;;;;;;;;;;;;;;;;;;;;;;;;;;;;;;;;;;;;;;;;;;;
;;;;;;;;;;;;;;;;;;;;;;;;;;;;;;;;;;;;;;;;;;;;;;
;;;;;;;;;;;;;;;;;;;;;;;;;;;;;;;;;;;;;;;;;;;;;;
;;;;;;;;;;;;;;;;;;;;;;;;;;;;;;;;;;;;;;;;;;;;;;
;;;;;;;;;;;;;;;;;;;;;;;;;;;;;;;;;;;;;;;;;;;;;;
;;;;;;;;;;;;;;;;;;;;;;;;;;;;;;;;;;;;;;;;;;;;;;
;;;;;;;;;;;;;;;;;;;;;;;;;;;;;;;;;;;;;;;;;;;;;;
;;;;;;;;;;;;;;;;;;;;;;;;;;;;;;;;;;;;;;;;;;;;;;
;;;;;;;;;;;;;;;;;;;;;;;;;;;;;;;;;;;;;;;;;;;;;;
;;;;;;;;;;;;;;;;;;;;;;;;;;;;;;;;;;;;;;;;;;;;;;
;;;;;;;;;;;;;;;;;;;;;;;;;;;;;;;;;;;;;;;;;;;;;;
;;;;;;;;;;;;;;;;;;;;;;;;;;;;;;;;;;;;;;;;;;;;;;
;;;;;;;;;;;;;;;;;;;;;;;;;;;;;;;;;;;;;;;;;;;;;;
;;;;;;;;;;;;;;;;;;;;;;;;;;;;;;;;;;;;;;;;;;;;;;
;;;;;;;;;;;;;;;;;;;;;;;;;;;;;;;;;;;;;;;;;;;;;;
;;;;;;;;;;;;;;;;;;;;;;;;;;;;;;;;;;;;;;;;;;;;;;
;;;;;;;;;;;;;;;;;;;;;;;;;;;;;;;;;;;;;;;;;;;;;;
;;;;;;;;;;;;;;;;;;;;;;;;;;;;;;;;;;;;;;;;;;;;;;
;;;;;;;;;;;;;;;;;;;;;;;;;;;;;;;;;;;;;;;;;;;;;;
;;;;;;;;;;;;;;;;;;;;;;;;;;;;;;;;;;;;;;;;;;;;;;
;;;;;;;;;;;;;;;;;;;;;;;;;;;;;;;;;;;;;;;;;;;;;;
;;;;;;;;;;;;;;;;;;;;;;;;;;;;;;;;;;;;;;;;;;;;;;
;;;;;;;;;;;;;;;;;;;;;;;;;;;;;;;;;;;;;;;;;;;;;;
;;;;;;;;;;;;;;;;;;;;;;;;;;;;;;;;;;;;;;;;;;;;;;
;;;;;;;;;;;;;;;;;;;;;;;;;;;;;;;;;;;;;;;;;;;;;;
;;;;;;;;;;;;;;;;;;;;;;;;;;;;;;;;;;;;;;;;;;;;;;
;;;;;;;;;;;;;;;;;;;;;;;;;;;;;;;;;;;;;;;;;;;;;;
;;;;;;;;;;;;;;;;;;;;;;;;;;;;;;;;;;;;;;;;;;;;;;
;;;;;;;;;;;;;;;;;;;;;;;;;;;;;;;;;;;;;;;;;;;;;;
;;;;;;;;;;;;;;;;;;;;;;;;;;;;;;;;;;;;;;;;;;;;;;
;;;;;;;;;;;;;;;;;;;;;;;;;;;;;;;;;;;;;;;;;;;;;;
;;;;;;;;;;;;;;;;;;;;;;;;;;;;;;;;;;;;;;;;;;;;;;
;;;;;;;;;;;;;;;;;;;;;;;;;;;;;;;;;;;;;;;;;;;;;;
;;;;;;;;;;;;;;;;;;;;;;;;;;;;;;;;;;;;;;;;;;;;;;
;;;;;;;;;;;;;;;;;;;;;;;;;;;;;;;;;;;;;;;;;;;;;;
;;;;;;;;;;;;;;;;;;;;;;;;;;;;;;;;;;;;;;;;;;;;;;
;;;;;;;;;;;;;;;;;;;;;;;;;;;;;;;;;;;;;;;;;;;;;;
;;;;;;;;;;;;;;;;;;;;;;;;;;;;;;;;;;;;;;;;;;;;;;
;;;;;;;;;;;;;;;;;;;;;;;;;;;;;;;;;;;;;;;;;;;;;;
;;;;;;;;;;;;;;;;;;;;;;;;;;;;;;;;;;;;;;;;;;;;;;
;;;;;;;;;;;;;;;;;;;;;;;;;;;;;;;;;;;;;;;;;;;;;;
;;;;;;;;;;;;;;;;;;;;;;;;;;;;;;;;;;;;;;;;;;;;;;
;;;;;;;;;;;;;;;;;;;;;;;;;;;;;;;;;;;;;;;;;;;;;;
;;;;;;;;;;;;;;;;;;;;;;;;;;;;;;;;;;;;;;;;;;;;;;
;;;;;;;;;;;;;;;;;;;;;;;;;;;;;;;;;;;;;;;;;;;;;;
;;;;;;;;;;;;;;;;;;;;;;;;;;;;;;;;;;;;;;;;;;;;;;
;;;;;;;;;;;;;;;;;;;;;;;;;;;;;;;;;;;;;;;;;;;;;;
;;;;;;;;;;;;;;;;;;;;;;;;;;;;;;;;;;;;;;;;;;;;;;
;;;;;;;;;;;;;;;;;;;;;;;;;;;;;;;;;;;;;;;;;;;;;;
;;;;;;;;;;;;;;;;;;;;;;;;;;;;;;;;;;;;;;;;;;;;;;
;;;;;;;;;;;;;;;;;;;;;;;;;;;;;;;;;;;;;;;;;;;;;;
;;;;;;;;;;;;;;;;;;;;;;;;;;;;;;;;;;;;;;;;;;;;;;
;;;;;;;;;;;;;;;;;;;;;;;;;;;;;;;;;;;;;;;;;;;;;;
;;;;;;;;;;;;;;;;;;;;;;;;;;;;;;;;;;;;;;;;;;;;;;
;;;;;;;;;;;;;;;;;;;;;;;;;;;;;;;;;;;;;;;;;;;;;;
;;;;;;;;;;;;;;;;;;;;;;;;;;;;;;;;;;;;;;;;;;;;;;
;;;;;;;;;;;;;;;;;;;;;;;;;;;;;;;;;;;;;;;;;;;;;;
;;;;;;;;;;;;;;;;;;;;;;;;;;;;;;;;;;;;;;;;;;;;;;
;;;;;;;;;;;;;;;;;;;;;;;;;;;;;;;;;;;;;;;;;;;;;;
;;;;;;;;;;;;;;;;;;;;;;;;;;;;;;;;;;;;;;;;;;;;;;
;;;;;;;;;;;;;;;;;;;;;;;;;;;;;;;;;;;;;;;;;;;;;;
;;;;;;;;;;;;;;;;;;;;;;;;;;;;;;;;;;;;;;;;;;;;;;
;;;;;;;;;;;;;;;;;;;;;;;;;;;;;;;;;;;;;;;;;;;;;;
;;;;;;;;;;;;;;;;;;;;;;;;;;;;;;;;;;;;;;;;;;;;;;
;;;;;;;;;;;;;;;;;;;;;;;;;;;;;;;;;;;;;;;;;;;;;;
;;;;;;;;;;;;;;;;;;;;;;;;;;;;;;;;;;;;;;;;;;;;;;
;;;;;;;;;;;;;;;;;;;;;;;;;;;;;;;;;;;;;;;;;;;;;;
;;;;;;;;;;;;;;;;;;;;;;;;;;;;;;;;;;;;;;;;;;;;;;
;;;;;;;;;;;;;;;;;;;;;;;;;;;;;;;;;;;;;;;;;;;;;;
;;;;;;;;;;;;;;;;;;;;;;;;;;;;;;;;;;;;;;;;;;;;;;
;;;;;;;;;;;;;;;;;;;;;;;;;;;;;;;;;;;;;;;;;;;;;;
;;;;;;;;;;;;;;;;;;;;;;;;;;;;;;;;;;;;;;;;;;;;;;
;;;;;;;;;;;;;;;;;;;;;;;;;;;;;;;;;;;;;;;;;;;;;;
;;;;;;;;;;;;;;;;;;;;;;;;;;;;;;;;;;;;;;;;;;;;;;
;;;;;;;;;;;;;;;;;;;;;;;;;;;;;;;;;;;;;;;;;;;;;;
;;;;;;;;;;;;;;;;;;;;;;;;;;;;;;;;;;;;;;;;;;;;;;
;;;;;;;;;;;;;;;;;;;;;;;;;;;;;;;;;;;;;;;;;;;;;;
;;;;;;;;;;;;;;;;;;;;;;;;;;;;;;;;;;;;;;;;;;;;;;
;;;;;;;;;;;;;;;;;;;;;;;;;;;;;;;;;;;;;;;;;;;;;;
;;;;;;;;;;;;;;;;;;;;;;;;;;;;;;;;;;;;;;;;;;;;;;
;;;;;;;;;;;;;;;;;;;;;;;;;;;;;;;;;;;;;;;;;;;;;;
;;;;;;;;;;;;;;;;;;;;;;;;;;;;;;;;;;;;;;;;;;;;;;
;;;;;;;;;;;;;;;;;;;;;;;;;;;;;;;;;;;;;;;;;;;;;;
;;;;;;;;;;;;;;;;;;;;;;;;;;;;;;;;;;;;;;;;;;;;;;
;;;;;;;;;;;;;;;;;;;;;;;;;;;;;;;;;;;;;;;;;;;;;;
;;;;;;;;;;;;;;;;;;;;;;;;;;;;;;;;;;;;;;;;;;;;;;
;;;;;;;;;;;;;;;;;;;;;;;;;;;;;;;;;;;;;;;;;;;;;;
;;;;;;;;;;;;;;;;;;;;;;;;;;;;;;;;;;;;;;;;;;;;;;
;;;;;;;;;;;;;;;;;;;;;;;;;;;;;;;;;;;;;;;;;;;;;;
;;;;;;;;;;;;;;;;;;;;;;;;;;;;;;;;;;;;;;;;;;;;;;
;;;;;;;;;;;;;;;;;;;;;;;;;;;;;;;;;;;;;;;;;;;;;;
;;;;;;;;;;;;;;;;;;;;;;;;;;;;;;;;;;;;;;;;;;;;;;
;;;;;;;;;;;;;;;;;;;;;;;;;;;;;;;;;;;;;;;;;;;;;;
;;;;;;;;;;;;;;;;;;;;;;;;;;;;;;;;;;;;;;;;;;;;;;
;;;;;;;;;;;;;;;;;;;;;;;;;;;;;;;;;;;;;;;;;;;;;;
;;;;;;;;;;;;;;;;;;;;;;;;;;;;;;;;;;;;;;;;;;;;;;
;;;;;;;;;;;;;;;;;;;;;;;;;;;;;;;;;;;;;;;;;;;;;;
;;;;;;;;;;;;;;;;;;;;;;;;;;;;;;;;;;;;;;;;;;;;;;
;;;;;;;;;;;;;;;;;;;;;;;;;;;;;;;;;;;;;;;;;;;;;;
;;;;;;;;;;;;;;;;;;;;;;;;;;;;;;;;;;;;;;;;;;;;;;
;;;;;;;;;;;;;;;;;;;;;;;;;;;;;;;;;;;;;;;;;;;;;;
;;;;;;;;;;;;;;;;;;;;;;;;;;;;;;;;;;;;;;;;;;;;;;
;;;;;;;;;;;;;;;;;;;;;;;;;;;;;;;;;;;;;;;;;;;;;;
;;;;;;;;;;;;;;;;;;;;;;;;;;;;;;;;;;;;;;;;;;;;;;
;;;;;;;;;;;;;;;;;;;;;;;;;;;;;;;;;;;;;;;;;;;;;;
;;;;;;;;;;;;;;;;;;;;;;;;;;;;;;;;;;;;;;;;;;;;;;
;;;;;;;;;;;;;;;;;;;;;;;;;;;;;;;;;;;;;;;;;;;;;;
;;;;;;;;;;;;;;;;;;;;;;;;;;;;;;;;;;;;;;;;;;;;;;
;;;;;;;;;;;;;;;;;;;;;;;;;;;;;;;;;;;;;;;;;;;;;;
;;;;;;;;;;;;;;;;;;;;;;;;;;;;;;;;;;;;;;;;;;;;;;
;;;;;;;;;;;;;;;;;;;;;;;;;;;;;;;;;;;;;;;;;;;;;;
;;;;;;;;;;;;;;;;;;;;;;;;;;;;;;;;;;;;;;;;;;;;;;
;;;;;;;;;;;;;;;;;;;;;;;;;;;;;;;;;;;;;;;;;;;;;;
;;;;;;;;;;;;;;;;;;;;;;;;;;;;;;;;;;;;;;;;;;;;;;
;;;;;;;;;;;;;;;;;;;;;;;;;;;;;;;;;;;;;;;;;;;;;;
;;;;;;;;;;;;;;;;;;;;;;;;;;;;;;;;;;;;;;;;;;;;;;
;;;;;;;;;;;;;;;;;;;;;;;;;;;;;;;;;;;;;;;;;;;;;;
;;;;;;;;;;;;;;;;;;;;;;;;;;;;;;;;;;;;;;;;;;;;;;
;;;;;;;;;;;;;;;;;;;;;;;;;;;;;;;;;;;;;;;;;;;;;;
;;;;;;;;;;;;;;;;;;;;;;;;;;;;;;;;;;;;;;;;;;;;;;
;;;;;;;;;;;;;;;;;;;;;;;;;;;;;;;;;;;;;;;;;;;;;;
;;;;;;;;;;;;;;;;;;;;;;;;;;;;;;;;;;;;;;;;;;;;;;
;;;;;;;;;;;;;;;;;;;;;;;;;;;;;;;;;;;;;;;;;;;;;;
;;;;;;;;;;;;;;;;;;;;;;;;;;;;;;;;;;;;;;;;;;;;;;
;;;;;;;;;;;;;;;;;;;;;;;;;;;;;;;;;;;;;;;;;;;;;;
;;;;;;;;;;;;;;;;;;;;;;;;;;;;;;;;;;;;;;;;;;;;;;
;;;;;;;;;;;;;;;;;;;;;;;;;;;;;;;;;;;;;;;;;;;;;;
;;;;;;;;;;;;;;;;;;;;;;;;;;;;;;;;;;;;;;;;;;;;;;
;;;;;;;;;;;;;;;;;;;;;;;;;;;;;;;;;;;;;;;;;;;;;;
;;;;;;;;;;;;;;;;;;;;;;;;;;;;;;;;;;;;;;;;;;;;;;
;;;;;;;;;;;;;;;;;;;;;;;;;;;;;;;;;;;;;;;;;;;;;;
;;;;;;;;;;;;;;;;;;;;;;;;;;;;;;;;;;;;;;;;;;;;;;
;;;;;;;;;;;;;;;;;;;;;;;;;;;;;;;;;;;;;;;;;;;;;;
;;;;;;;;;;;;;;;;;;;;;;;;;;;;;;;;;;;;;;;;;;;;;;
;;;;;;;;;;;;;;;;;;;;;;;;;;;;;;;;;;;;;;;;;;;;;;
;;;;;;;;;;;;;;;;;;;;;;;;;;;;;;;;;;;;;;;;;;;;;;
;;;;;;;;;;;;;;;;;;;;;;;;;;;;;;;;;;;;;;;;;;;;;;
;;;;;;;;;;;;;;;;;;;;;;;;;;;;;;;;;;;;;;;;;;;;;;
;;;;;;;;;;;;;;;;;;;;;;;;;;;;;;;;;;;;;;;;;;;;;;
;;;;;;;;;;;;;;;;;;;;;;;;;;;;;;;;;;;;;;;;;;;;;;
;;;;;;;;;;;;;;;;;;;;;;;;;;;;;;;;;;;;;;;;;;;;;;
;;;;;;;;;;;;;;;;;;;;;;;;;;;;;;;;;;;;;;;;;;;;;;
;;;;;;;;;;;;;;;;;;;;;;;;;;;;;;;;;;;;;;;;;;;;;;
;;;;;;;;;;;;;;;;;;;;;;;;;;;;;;;;;;;;;;;;;;;;;;
;;;;;;;;;;;;;;;;;;;;;;;;;;;;;;;;;;;;;;;;;;;;;;
;;;;;;;;;;;;;;;;;;;;;;;;;;;;;;;;;;;;;;;;;;;;;;
;;;;;;;;;;;;;;;;;;;;;;;;;;;;;;;;;;;;;;;;;;;;;;
;;;;;;;;;;;;;;;;;;;;;;;;;;;;;;;;;;;;;;;;;;;;;;
;;;;;;;;;;;;;;;;;;;;;;;;;;;;;;;;;;;;;;;;;;;;;;
;;;;;;;;;;;;;;;;;;;;;;;;;;;;;;;;;;;;;;;;;;;;;;
;;;;;;;;;;;;;;;;;;;;;;;;;;;;;;;;;;;;;;;;;;;;;;
;;;;;;;;;;;;;;;;;;;;;;;;;;;;;;;;;;;;;;;;;;;;;;
;;;;;;;;;;;;;;;;;;;;;;;;;;;;;;;;;;;;;;;;;;;;;;
;;;;;;;;;;;;;;;;;;;;;;;;;;;;;;;;;;;;;;;;;;;;;;
;;;;;;;;;;;;;;;;;;;;;;;;;;;;;;;;;;;;;;;;;;;;;;
;;;;;;;;;;;;;;;;;;;;;;;;;;;;;;;;;;;;;;;;;;;;;;
;;;;;;;;;;;;;;;;;;;;;;;;;;;;;;;;;;;;;;;;;;;;;;
;;;;;;;;;;;;;;;;;;;;;;;;;;;;;;;;;;;;;;;;;;;;;;
;;;;;;;;;;;;;;;;;;;;;;;;;;;;;;;;;;;;;;;;;;;;;;
;;;;;;;;;;;;;;;;;;;;;;;;;;;;;;;;;;;;;;;;;;;;;;
;;;;;;;;;;;;;;;;;;;;;;;;;;;;;;;;;;;;;;;;;;;;;;
;;;;;;;;;;;;;;;;;;;;;;;;;;;;;;;;;;;;;;;;;;;;;;
;;;;;;;;;;;;;;;;;;;;;;;;;;;;;;;;;;;;;;;;;;;;;;
;;;;;;;;;;;;;;;;;;;;;;;;;;;;;;;;;;;;;;;;;;;;;;
;;;;;;;;;;;;;;;;;;;;;;;;;;;;;;;;;;;;;;;;;;;;;;
;;;;;;;;;;;;;;;;;;;;;;;;;;;;;;;;;;;;;;;;;;;;;;
;;;;;;;;;;;;;;;;;;;;;;;;;;;;;;;;;;;;;;;;;;;;;;
;;;;;;;;;;;;;;;;;;;;;;;;;;;;;;;;;;;;;;;;;;;;;;
;;;;;;;;;;;;;;;;;;;;;;;;;;;;;;;;;;;;;;;;;;;;;;
;;;;;;;;;;;;;;;;;;;;;;;;;;;;;;;;;;;;;;;;;;;;;;
;;;;;;;;;;;;;;;;;;;;;;;;;;;;;;;;;;;;;;;;;;;;;;
;;;;;;;;;;;;;;;;;;;;;;;;;;;;;;;;;;;;;;;;;;;;;;
;;;;;;;;;;;;;;;;;;;;;;;;;;;;;;;;;;;;;;;;;;;;;;
;;;;;;;;;;;;;;;;;;;;;;;;;;;;;;;;;;;;;;;;;;;;;;
;;;;;;;;;;;;;;;;;;;;;;;;;;;;;;;;;;;;;;;;;;;;;;
;;;;;;;;;;;;;;;;;;;;;;;;;;;;;;;;;;;;;;;;;;;;;;
;;;;;;;;;;;;;;;;;;;;;;;;;;;;;;;;;;;;;;;;;;;;;;
;;;;;;;;;;;;;;;;;;;;;;;;;;;;;;;;;;;;;;;;;;;;;;
;;;;;;;;;;;;;;;;;;;;;;;;;;;;;;;;;;;;;;;;;;;;;;
;;;;;;;;;;;;;;;;;;;;;;;;;;;;;;;;;;;;;;;;;;;;;;
;;;;;;;;;;;;;;;;;;;;;;;;;;;;;;;;;;;;;;;;;;;;;;
;;;;;;;;;;;;;;;;;;;;;;;;;;;;;;;;;;;;;;;;;;;;;;
;;;;;;;;;;;;;;;;;;;;;;;;;;;;;;;;;;;;;;;;;;;;;;
;;;;;;;;;;;;;;;;;;;;;;;;;;;;;;;;;;;;;;;;;;;;;;
;;;;;;;;;;;;;;;;;;;;;;;;;;;;;;;;;;;;;;;;;;;;;;
;;;;;;;;;;;;;;;;;;;;;;;;;;;;;;;;;;;;;;;;;;;;;;
;;;;;;;;;;;;;;;;;;;;;;;;;;;;;;;;;;;;;;;;;;;;;;
;;;;;;;;;;;;;;;;;;;;;;;;;;;;;;;;;;;;;;;;;;;;;;
;;;;;;;;;;;;;;;;;;;;;;;;;;;;;;;;;;;;;;;;;;;;;;
;;;;;;;;;;;;;;;;;;;;;;;;;;;;;;;;;;;;;;;;;;;;;;
;;;;;;;;;;;;;;;;;;;;;;;;;;;;;;;;;;;;;;;;;;;;;;
;;;;;;;;;;;;;;;;;;;;;;;;;;;;;;;;;;;;;;;;;;;;;;
;;;;;;;;;;;;;;;;;;;;;;;;;;;;;;;;;;;;;;;;;;;;;;
;;;;;;;;;;;;;;;;;;;;;;;;;;;;;;;;;;;;;;;;;;;;;;
;;;;;;;;;;;;;;;;;;;;;;;;;;;;;;;;;;;;;;;;;;;;;;
;;;;;;;;;;;;;;;;;;;;;;;;;;;;;;;;;;;;;;;;;;;;;;
;;;;;;;;;;;;;;;;;;;;;;;;;;;;;;;;;;;;;;;;;;;;;;
;;;;;;;;;;;;;;;;;;;;;;;;;;;;;;;;;;;;;;;;;;;;;;
;;;;;;;;;;;;;;;;;;;;;;;;;;;;;;;;;;;;;;;;;;;;;;
;;;;;;;;;;;;;;;;;;;;;;;;;;;;;;;;;;;;;;;;;;;;;;
;;;;;;;;;;;;;;;;;;;;;;;;;;;;;;;;;;;;;;;;;;;;;;
;;;;;;;;;;;;;;;;;;;;;;;;;;;;;;;;;;;;;;;;;;;;;;
;;;;;;;;;;;;;;;;;;;;;;;;;;;;;;;;;;;;;;;;;;;;;;
;;;;;;;;;;;;;;;;;;;;;;;;;;;;;;;;;;;;;;;;;;;;;;
;;;;;;;;;;;;;;;;;;;;;;;;;;;;;;;;;;;;;;;;;;;;;;
;;;;;;;;;;;;;;;;;;;;;;;;;;;;;;;;;;;;;;;;;;;;;;
;;;;;;;;;;;;;;;;;;;;;;;;;;;;;;;;;;;;;;;;;;;;;;
;;;;;;;;;;;;;;;;;;;;;;;;;;;;;;;;;;;;;;;;;;;;;;
;;;;;;;;;;;;;;;;;;;;;;;;;;;;;;;;;;;;;;;;;;;;;;
;;;;;;;;;;;;;;;;;;;;;;;;;;;;;;;;;;;;;;;;;;;;;;
;;;;;;;;;;;;;;;;;;;;;;;;;;;;;;;;;;;;;;;;;;;;;;
;;;;;;;;;;;;;;;;;;;;;;;;;;;;;;;;;;;;;;;;;;;;;;
;;;;;;;;;;;;;;;;;;;;;;;;;;;;;;;;;;;;;;;;;;;;;;
;;;;;;;;;;;;;;;;;;;;;;;;;;;;;;;;;;;;;;;;;;;;;;
;;;;;;;;;;;;;;;;;;;;;;;;;;;;;;;;;;;;;;;;;;;;;;
;;;;;;;;;;;;;;;;;;;;;;;;;;;;;;;;;;;;;;;;;;;;;;
;;;;;;;;;;;;;;;;;;;;;;;;;;;;;;;;;;;;;;;;;;;;;;
;;;;;;;;;;;;;;;;;;;;;;;;;;;;;;;;;;;;;;;;;;;;;;
;;;;;;;;;;;;;;;;;;;;;;;;;;;;;;;;;;;;;;;;;;;;;;
;;;;;;;;;;;;;;;;;;;;;;;;;;;;;;;;;;;;;;;;;;;;;;
;;;;;;;;;;;;;;;;;;;;;;;;;;;;;;;;;;;;;;;;;;;;;;
;;;;;;;;;;;;;;;;;;;;;;;;;;;;;;;;;;;;;;;;;;;;;;
;;;;;;;;;;;;;;;;;;;;;;;;;;;;;;;;;;;;;;;;;;;;;;
;;;;;;;;;;;;;;;;;;;;;;;;;;;;;;;;;;;;;;;;;;;;;;
;;;;;;;;;;;;;;;;;;;;;;;;;;;;;;;;;;;;;;;;;;;;;;
;;;;;;;;;;;;;;;;;;;;;;;;;;;;;;;;;;;;;;;;;;;;;;
;;;;;;;;;;;;;;;;;;;;;;;;;;;;;;;;;;;;;;;;;;;;;;
;;;;;;;;;;;;;;;;;;;;;;;;;;;;;;;;;;;;;;;;;;;;;;
;;;;;;;;;;;;;;;;;;;;;;;;;;;;;;;;;;;;;;;;;;;;;;
;;;;;;;;;;;;;;;;;;;;;;;;;;;;;;;;;;;;;;;;;;;;;;
;;;;;;;;;;;;;;;;;;;;;;;;;;;;;;;;;;;;;;;;;;;;;;
;;;;;;;;;;;;;;;;;;;;;;;;;;;;;;;;;;;;;;;;;;;;;;
;;;;;;;;;;;;;;;;;;;;;;;;;;;;;;;;;;;;;;;;;;;;;;
;;;;;;;;;;;;;;;;;;;;;;;;;;;;;;;;;;;;;;;;;;;;;;
;;;;;;;;;;;;;;;;;;;;;;;;;;;;;;;;;;;;;;;;;;;;;;
;;;;;;;;;;;;;;;;;;;;;;;;;;;;;;;;;;;;;;;;;;;;;;
;;;;;;;;;;;;;;;;;;;;;;;;;;;;;;;;;;;;;;;;;;;;;;
;;;;;;;;;;;;;;;;;;;;;;;;;;;;;;;;;;;;;;;;;;;;;;
;;;;;;;;;;;;;;;;;;;;;;;;;;;;;;;;;;;;;;;;;;;;;;
;;;;;;;;;;;;;;;;;;;;;;;;;;;;;;;;;;;;;;;;;;;;;;
;;;;;;;;;;;;;;;;;;;;;;;;;;;;;;;;;;;;;;;;;;;;;;
;;;;;;;;;;;;;;;;;;;;;;;;;;;;;;;;;;;;;;;;;;;;;;
;;;;;;;;;;;;;;;;;;;;;;;;;;;;;;;;;;;;;;;;;;;;;;
;;;;;;;;;;;;;;;;;;;;;;;;;;;;;;;;;;;;;;;;;;;;;;
;;;;;;;;;;;;;;;;;;;;;;;;;;;;;;;;;;;;;;;;;;;;;;
;;;;;;;;;;;;;;;;;;;;;;;;;;;;;;;;;;;;;;;;;;;;;;
;;;;;;;;;;;;;;;;;;;;;;;;;;;;;;;;;;;;;;;;;;;;;;
;;;;;;;;;;;;;;;;;;;;;;;;;;;;;;;;;;;;;;;;;;;;;;
;;;;;;;;;;;;;;;;;;;;;;;;;;;;;;;;;;;;;;;;;;;;;;
;;;;;;;;;;;;;;;;;;;;;;;;;;;;;;;;;;;;;;;;;;;;;;
;;;;;;;;;;;;;;;;;;;;;;;;;;;;;;;;;;;;;;;;;;;;;;
;;;;;;;;;;;;;;;;;;;;;;;;;;;;;;;;;;;;;;;;;;;;;;
;;;;;;;;;;;;;;;;;;;;;;;;;;;;;;;;;;;;;;;;;;;;;;
;;;;;;;;;;;;;;;;;;;;;;;;;;;;;;;;;;;;;;;;;;;;;;
;;;;;;;;;;;;;;;;;;;;;;;;;;;;;;;;;;;;;;;;;;;;;;
;;;;;;;;;;;;;;;;;;;;;;;;;;;;;;;;;;;;;;;;;;;;;;
;;;;;;;;;;;;;;;;;;;;;;;;;;;;;;;;;;;;;;;;;;;;;;
;;;;;;;;;;;;;;;;;;;;;;;;;;;;;;;;;;;;;;;;;;;;;;
;;;;;;;;;;;;;;;;;;;;;;;;;;;;;;;;;;;;;;;;;;;;;;
;;;;;;;;;;;;;;;;;;;;;;;;;;;;;;;;;;;;;;;;;;;;;;
;;;;;;;;;;;;;;;;;;;;;;;;;;;;;;;;;;;;;;;;;;;;;;
;;;;;;;;;;;;;;;;;;;;;;;;;;;;;;;;;;;;;;;;;;;;;;
;;;;;;;;;;;;;;;;;;;;;;;;;;;;;;;;;;;;;;;;;;;;;;
;;;;;;;;;;;;;;;;;;;;;;;;;;;;;;;;;;;;;;;;;;;;;;
;;;;;;;;;;;;;;;;;;;;;;;;;;;;;;;;;;;;;;;;;;;;;;
;;;;;;;;;;;;;;;;;;;;;;;;;;;;;;;;;;;;;;;;;;;;;;
;;;;;;;;;;;;;;;;;;;;;;;;;;;;;;;;;;;;;;;;;;;;;;
;;;;;;;;;;;;;;;;;;;;;;;;;;;;;;;;;;;;;;;;;;;;;;
;;;;;;;;;;;;;;;;;;;;;;;;;;;;;;;;;;;;;;;;;;;;;;
;;;;;;;;;;;;;;;;;;;;;;;;;;;;;;;;;;;;;;;;;;;;;;
;;;;;;;;;;;;;;;;;;;;;;;;;;;;;;;;;;;;;;;;;;;;;;
;;;;;;;;;;;;;;;;;;;;;;;;;;;;;;;;;;;;;;;;;;;;;;
;;;;;;;;;;;;;;;;;;;;;;;;;;;;;;;;;;;;;;;;;;;;;;
;;;;;;;;;;;;;;;;;;;;;;;;;;;;;;;;;;;;;;;;;;;;;;
;;;;;;;;;;;;;;;;;;;;;;;;;;;;;;;;;;;;;;;;;;;;;;
;;;;;;;;;;;;;;;;;;;;;;;;;;;;;;;;;;;;;;;;;;;;;;
;;;;;;;;;;;;;;;;;;;;;;;;;;;;;;;;;;;;;;;;;;;;;;
;;;;;;;;;;;;;;;;;;;;;;;;;;;;;;;;;;;;;;;;;;;;;;
;;;;;;;;;;;;;;;;;;;;;;;;;;;;;;;;;;;;;;;;;;;;;;
;;;;;;;;;;;;;;;;;;;;;;;;;;;;;;;;;;;;;;;;;;;;;;
;;;;;;;;;;;;;;;;;;;;;;;;;;;;;;;;;;;;;;;;;;;;;;
;;;;;;;;;;;;;;;;;;;;;;;;;;;;;;;;;;;;;;;;;;;;;;
;;;;;;;;;;;;;;;;;;;;;;;;;;;;;;;;;;;;;;;;;;;;;;
;;;;;;;;;;;;;;;;;;;;;;;;;;;;;;;;;;;;;;;;;;;;;;
;;;;;;;;;;;;;;;;;;;;;;;;;;;;;;;;;;;;;;;;;;;;;;
;;;;;;;;;;;;;;;;;;;;;;;;;;;;;;;;;;;;;;;;;;;;;;
;;;;;;;;;;;;;;;;;;;;;;;;;;;;;;;;;;;;;;;;;;;;;;
;;;;;;;;;;;;;;;;;;;;;;;;;;;;;;;;;;;;;;;;;;;;;;
;;;;;;;;;;;;;;;;;;;;;;;;;;;;;;;;;;;;;;;;;;;;;;
;;;;;;;;;;;;;;;;;;;;;;;;;;;;;;;;;;;;;;;;;;;;;;
;;;;;;;;;;;;;;;;;;;;;;;;;;;;;;;;;;;;;;;;;;;;;;
;;;;;;;;;;;;;;;;;;;;;;;;;;;;;;;;;;;;;;;;;;;;;;
;;;;;;;;;;;;;;;;;;;;;;;;;;;;;;;;;;;;;;;;;;;;;;
;;;;;;;;;;;;;;;;;;;;;;;;;;;;;;;;;;;;;;;;;;;;;;
;;;;;;;;;;;;;;;;;;;;;;;;;;;;;;;;;;;;;;;;;;;;;;
;;;;;;;;;;;;;;;;;;;;;;;;;;;;;;;;;;;;;;;;;;;;;;
;;;;;;;;;;;;;;;;;;;;;;;;;;;;;;;;;;;;;;;;;;;;;;
;;;;;;;;;;;;;;;;;;;;;;;;;;;;;;;;;;;;;;;;;;;;;;
;;;;;;;;;;;;;;;;;;;;;;;;;;;;;;;;;;;;;;;;;;;;;;
;;;;;;;;;;;;;;;;;;;;;;;;;;;;;;;;;;;;;;;;;;;;;;
;;;;;;;;;;;;;;;;;;;;;;;;;;;;;;;;;;;;;;;;;;;;;;
;;;;;;;;;;;;;;;;;;;;;;;;;;;;;;;;;;;;;;;;;;;;;;
;;;;;;;;;;;;;;;;;;;;;;;;;;;;;;;;;;;;;;;;;;;;;;
;;;;;;;;;;;;;;;;;;;;;;;;;;;;;;;;;;;;;;;;;;;;;;
;;;;;;;;;;;;;;;;;;;;;;;;;;;;;;;;;;;;;;;;;;;;;;
;;;;;;;;;;;;;;;;;;;;;;;;;;;;;;;;;;;;;;;;;;;;;;
;;;;;;;;;;;;;;;;;;;;;;;;;;;;;;;;;;;;;;;;;;;;;;
;;;;;;;;;;;;;;;;;;;;;;;;;;;;;;;;;;;;;;;;;;;;;;
;;;;;;;;;;;;;;;;;;;;;;;;;;;;;;;;;;;;;;;;;;;;;;
;;;;;;;;;;;;;;;;;;;;;;;;;;;;;;;;;;;;;;;;;;;;;;
;;;;;;;;;;;;;;;;;;;;;;;;;;;;;;;;;;;;;;;;;;;;;;
;;;;;;;;;;;;;;;;;;;;;;;;;;;;;;;;;;;;;;;;;;;;;;
;;;;;;;;;;;;;;;;;;;;;;;;;;;;;;;;;;;;;;;;;;;;;;
;;;;;;;;;;;;;;;;;;;;;;;;;;;;;;;;;;;;;;;;;;;;;;
;;;;;;;;;;;;;;;;;;;;;;;;;;;;;;;;;;;;;;;;;;;;;;
;;;;;;;;;;;;;;;;;;;;;;;;;;;;;;;;;;;;;;;;;;;;;;
;;;;;;;;;;;;;;;;;;;;;;;;;;;;;;;;;;;;;;;;;;;;;;
;;;;;;;;;;;;;;;;;;;;;;;;;;;;;;;;;;;;;;;;;;;;;;
;;;;;;;;;;;;;;;;;;;;;;;;;;;;;;;;;;;;;;;;;;;;;;
;;;;;;;;;;;;;;;;;;;;;;;;;;;;;;;;;;;;;;;;;;;;;;
;;;;;;;;;;;;;;;;;;;;;;;;;;;;;;;;;;;;;;;;;;;;;;
;;;;;;;;;;;;;;;;;;;;;;;;;;;;;;;;;;;;;;;;;;;;;;
;;;;;;;;;;;;;;;;;;;;;;;;;;;;;;;;;;;;;;;;;;;;;;
;;;;;;;;;;;;;;;;;;;;;;;;;;;;;;;;;;;;;;;;;;;;;;
;;;;;;;;;;;;;;;;;;;;;;;;;;;;;;;;;;;;;;;;;;;;;;
;;;;;;;;;;;;;;;;;;;;;;;;;;;;;;;;;;;;;;;;;;;;;;
;;;;;;;;;;;;;;;;;;;;;;;;;;;;;;;;;;;;;;;;;;;;;;
;;;;;;;;;;;;;;;;;;;;;;;;;;;;;;;;;;;;;;;;;;;;;;
;;;;;;;;;;;;;;;;;;;;;;;;;;;;;;;;;;;;;;;;;;;;;;
;;;;;;;;;;;;;;;;;;;;;;;;;;;;;;;;;;;;;;;;;;;;;;
;;;;;;;;;;;;;;;;;;;;;;;;;;;;;;;;;;;;;;;;;;;;;;
;;;;;;;;;;;;;;;;;;;;;;;;;;;;;;;;;;;;;;;;;;;;;;
;;;;;;;;;;;;;;;;;;;;;;;;;;;;;;;;;;;;;;;;;;;;;;
;;;;;;;;;;;;;;;;;;;;;;;;;;;;;;;;;;;;;;;;;;;;;;
;;;;;;;;;;;;;;;;;;;;;;;;;;;;;;;;;;;;;;;;;;;;;;
;;;;;;;;;;;;;;;;;;;;;;;;;;;;;;;;;;;;;;;;;;;;;;
;;;;;;;;;;;;;;;;;;;;;;;;;;;;;;;;;;;;;;;;;;;;;;
;;;;;;;;;;;;;;;;;;;;;;;;;;;;;;;;;;;;;;;;;;;;;;
;;;;;;;;;;;;;;;;;;;;;;;;;;;;;;;;;;;;;;;;;;;;;;
;;;;;;;;;;;;;;;;;;;;;;;;;;;;;;;;;;;;;;;;;;;;;;
;;;;;;;;;;;;;;;;;;;;;;;;;;;;;;;;;;;;;;;;;;;;;;
;;;;;;;;;;;;;;;;;;;;;;;;;;;;;;;;;;;;;;;;;;;;;;
;;;;;;;;;;;;;;;;;;;;;;;;;;;;;;;;;;;;;;;;;;;;;;
;;;;;;;;;;;;;;;;;;;;;;;;;;;;;;;;;;;;;;;;;;;;;;
;;;;;;;;;;;;;;;;;;;;;;;;;;;;;;;;;;;;;;;;;;;;;;
;;;;;;;;;;;;;;;;;;;;;;;;;;;;;;;;;;;;;;;;;;;;;;
;;;;;;;;;;;;;;;;;;;;;;;;;;;;;;;;;;;;;;;;;;;;;;
;;;;;;;;;;;;;;;;;;;;;;;;;;;;;;;;;;;;;;;;;;;;;;
;;;;;;;;;;;;;;;;;;;;;;;;;;;;;;;;;;;;;;;;;;;;;;
;;;;;;;;;;;;;;;;;;;;;;;;;;;;;;;;;;;;;;;;;;;;;;
;;;;;;;;;;;;;;;;;;;;;;;;;;;;;;;;;;;;;;;;;;;;;;
;;;;;;;;;;;;;;;;;;;;;;;;;;;;;;;;;;;;;;;;;;;;;;
;;;;;;;;;;;;;;;;;;;;;;;;;;;;;;;;;;;;;;;;;;;;;;
;;;;;;;;;;;;;;;;;;;;;;;;;;;;;;;;;;;;;;;;;;;;;;
;;;;;;;;;;;;;;;;;;;;;;;;;;;;;;;;;;;;;;;;;;;;;;
;;;;;;;;;;;;;;;;;;;;;;;;;;;;;;;;;;;;;;;;;;;;;;
;;;;;;;;;;;;;;;;;;;;;;;;;;;;;;;;;;;;;;;;;;;;;;
;;;;;;;;;;;;;;;;;;;;;;;;;;;;;;;;;;;;;;;;;;;;;;
;;;;;;;;;;;;;;;;;;;;;;;;;;;;;;;;;;;;;;;;;;;;;;
;;;;;;;;;;;;;;;;;;;;;;;;;;;;;;;;;;;;;;;;;;;;;;
;;;;;;;;;;;;;;;;;;;;;;;;;;;;;;;;;;;;;;;;;;;;;;
;;;;;;;;;;;;;;;;;;;;;;;;;;;;;;;;;;;;;;;;;;;;;;
;;;;;;;;;;;;;;;;;;;;;;;;;;;;;;;;;;;;;;;;;;;;;;
;;;;;;;;;;;;;;;;;;;;;;;;;;;;;;;;;;;;;;;;;;;;;;
;;;;;;;;;;;;;;;;;;;;;;;;;;;;;;;;;;;;;;;;;;;;;;
;;;;;;;;;;;;;;;;;;;;;;;;;;;;;;;;;;;;;;;;;;;;;;
;;;;;;;;;;;;;;;;;;;;;;;;;;;;;;;;;;;;;;;;;;;;;;
;;;;;;;;;;;;;;;;;;;;;;;;;;;;;;;;;;;;;;;;;;;;;;
;;;;;;;;;;;;;;;;;;;;;;;;;;;;;;;;;;;;;;;;;;;;;;
;;;;;;;;;;;;;;;;;;;;;;;;;;;;;;;;;;;;;;;;;;;;;;
;;;;;;;;;;;;;;;;;;;;;;;;;;;;;;;;;;;;;;;;;;;;;;
;;;;;;;;;;;;;;;;;;;;;;;;;;;;;;;;;;;;;;;;;;;;;;
;;;;;;;;;;;;;;;;;;;;;;;;;;;;;;;;;;;;;;;;;;;;;;
;;;;;;;;;;;;;;;;;;;;;;;;;;;;;;;;;;;;;;;;;;;;;;
;;;;;;;;;;;;;;;;;;;;;;;;;;;;;;;;;;;;;;;;;;;;;;
;;;;;;;;;;;;;;;;;;;;;;;;;;;;;;;;;;;;;;;;;;;;;;
;;;;;;;;;;;;;;;;;;;;;;;;;;;;;;;;;;;;;;;;;;;;;;
;;;;;;;;;;;;;;;;;;;;;;;;;;;;;;;;;;;;;;;;;;;;;;
;;;;;;;;;;;;;;;;;;;;;;;;;;;;;;;;;;;;;;;;;;;;;;
;;;;;;;;;;;;;;;;;;;;;;;;;;;;;;;;;;;;;;;;;;;;;;
;;;;;;;;;;;;;;;;;;;;;;;;;;;;;;;;;;;;;;;;;;;;;;
;;;;;;;;;;;;;;;;;;;;;;;;;;;;;;;;;;;;;;;;;;;;;;
;;;;;;;;;;;;;;;;;;;;;;;;;;;;;;;;;;;;;;;;;;;;;;
;;;;;;;;;;;;;;;;;;;;;;;;;;;;;;;;;;;;;;;;;;;;;;
;;;;;;;;;;;;;;;;;;;;;;;;;;;;;;;;;;;;;;;;;;;;;;
;;;;;;;;;;;;;;;;;;;;;;;;;;;;;;;;;;;;;;;;;;;;;;
;;;;;;;;;;;;;;;;;;;;;;;;;;;;;;;;;;;;;;;;;;;;;;
;;;;;;;;;;;;;;;;;;;;;;;;;;;;;;;;;;;;;;;;;;;;;;
;;;;;;;;;;;;;;;;;;;;;;;;;;;;;;;;;;;;;;;;;;;;;;
;;;;;;;;;;;;;;;;;;;;;;;;;;;;;;;;;;;;;;;;;;;;;;
;;;;;;;;;;;;;;;;;;;;;;;;;;;;;;;;;;;;;;;;;;;;;;
;;;;;;;;;;;;;;;;;;;;;;;;;;;;;;;;;;;;;;;;;;;;;;
;;;;;;;;;;;;;;;;;;;;;;;;;;;;;;;;;;;;;;;;;;;;;;
;;;;;;;;;;;;;;;;;;;;;;;;;;;;;;;;;;;;;;;;;;;;;;
;;;;;;;;;;;;;;;;;;;;;;;;;;;;;;;;;;;;;;;;;;;;;;
;;;;;;;;;;;;;;;;;;;;;;;;;;;;;;;;;;;;;;;;;;;;;;
;;;;;;;;;;;;;;;;;;;;;;;;;;;;;;;;;;;;;;;;;;;;;;
;;;;;;;;;;;;;;;;;;;;;;;;;;;;;;;;;;;;;;;;;;;;;;
;;;;;;;;;;;;;;;;;;;;;;;;;;;;;;;;;;;;;;;;;;;;;;
;;;;;;;;;;;;;;;;;;;;;;;;;;;;;;;;;;;;;;;;;;;;;;
;;;;;;;;;;;;;;;;;;;;;;;;;;;;;;;;;;;;;;;;;;;;;;
;;;;;;;;;;;;;;;;;;;;;;;;;;;;;;;;;;;;;;;;;;;;;;
;;;;;;;;;;;;;;;;;;;;;;;;;;;;;;;;;;;;;;;;;;;;;;
;;;;;;;;;;;;;;;;;;;;;;;;;;;;;;;;;;;;;;;;;;;;;;
;;;;;;;;;;;;;;;;;;;;;;;;;;;;;;;;;;;;;;;;;;;;;;
;;;;;;;;;;;;;;;;;;;;;;;;;;;;;;;;;;;;;;;;;;;;;;
;;;;;;;;;;;;;;;;;;;;;;;;;;;;;;;;;;;;;;;;;;;;;;
;;;;;;;;;;;;;;;;;;;;;;;;;;;;;;;;;;;;;;;;;;;;;;
;;;;;;;;;;;;;;;;;;;;;;;;;;;;;;;;;;;;;;;;;;;;;;
;;;;;;;;;;;;;;;;;;;;;;;;;;;;;;;;;;;;;;;;;;;;;;
;;;;;;;;;;;;;;;;;;;;;;;;;;;;;;;;;;;;;;;;;;;;;;
;;;;;;;;;;;;;;;;;;;;;;;;;;;;;;;;;;;;;;;;;;;;;;
;;;;;;;;;;;;;;;;;;;;;;;;;;;;;;;;;;;;;;;;;;;;;;
;;;;;;;;;;;;;;;;;;;;;;;;;;;;;;;;;;;;;;;;;;;;;;
;;;;;;;;;;;;;;;;;;;;;;;;;;;;;;;;;;;;;;;;;;;;;;
;;;;;;;;;;;;;;;;;;;;;;;;;;;;;;;;;;;;;;;;;;;;;;
;;;;;;;;;;;;;;;;;;;;;;;;;;;;;;;;;;;;;;;;;;;;;;
;;;;;;;;;;;;;;;;;;;;;;;;;;;;;;;;;;;;;;;;;;;;;;
;;;;;;;;;;;;;;;;;;;;;;;;;;;;;;;;;;;;;;;;;;;;;;
;;;;;;;;;;;;;;;;;;;;;;;;;;;;;;;;;;;;;;;;;;;;;;
;;;;;;;;;;;;;;;;;;;;;;;;;;;;;;;;;;;;;;;;;;;;;;
;;;;;;;;;;;;;;;;;;;;;;;;;;;;;;;;;;;;;;;;;;;;;;
;;;;;;;;;;;;;;;;;;;;;;;;;;;;;;;;;;;;;;;;;;;;;;
;;;;;;;;;;;;;;;;;;;;;;;;;;;;;;;;;;;;;;;;;;;;;;
;;;;;;;;;;;;;;;;;;;;;;;;;;;;;;;;;;;;;;;;;;;;;;
;;;;;;;;;;;;;;;;;;;;;;;;;;;;;;;;;;;;;;;;;;;;;;
;;;;;;;;;;;;;;;;;;;;;;;;;;;;;;;;;;;;;;;;;;;;;;
;;;;;;;;;;;;;;;;;;;;;;;;;;;;;;;;;;;;;;;;;;;;;;
;;;;;;;;;;;;;;;;;;;;;;;;;;;;;;;;;;;;;;;;;;;;;;
;;;;;;;;;;;;;;;;;;;;;;;;;;;;;;;;;;;;;;;;;;;;;;
;;;;;;;;;;;;;;;;;;;;;;;;;;;;;;;;;;;;;;;;;;;;;;
;;;;;;;;;;;;;;;;;;;;;;;;;;;;;;;;;;;;;;;;;;;;;;
;;;;;;;;;;;;;;;;;;;;;;;;;;;;;;;;;;;;;;;;;;;;;;
;;;;;;;;;;;;;;;;;;;;;;;;;;;;;;;;;;;;;;;;;;;;;;
;;;;;;;;;;;;;;;;;;;;;;;;;;;;;;;;;;;;;;;;;;;;;;
;;;;;;;;;;;;;;;;;;;;;;;;;;;;;;;;;;;;;;;;;;;;;;
;;;;;;;;;;;;;;;;;;;;;;;;;;;;;;;;;;;;;;;;;;;;;;
;;;;;;;;;;;;;;;;;;;;;;;;;;;;;;;;;;;;;;;;;;;;;;
;;;;;;;;;;;;;;;;;;;;;;;;;;;;;;;;;;;;;;;;;;;;;;
;;;;;;;;;;;;;;;;;;;;;;;;;;;;;;;;;;;;;;;;;;;;;;
;;;;;;;;;;;;;;;;;;;;;;;;;;;;;;;;;;;;;;;;;;;;;;
;;;;;;;;;;;;;;;;;;;;;;;;;;;;;;;;;;;;;;;;;;;;;;
;;;;;;;;;;;;;;;;;;;;;;;;;;;;;;;;;;;;;;;;;;;;;;
;;;;;;;;;;;;;;;;;;;;;;;;;;;;;;;;;;;;;;;;;;;;;;
;;;;;;;;;;;;;;;;;;;;;;;;;;;;;;;;;;;;;;;;;;;;;;
;;;;;;;;;;;;;;;;;;;;;;;;;;;;;;;;;;;;;;;;;;;;;;
;;;;;;;;;;;;;;;;;;;;;;;;;;;;;;;;;;;;;;;;;;;;;;
;;;;;;;;;;;;;;;;;;;;;;;;;;;;;;;;;;;;;;;;;;;;;;
;;;;;;;;;;;;;;;;;;;;;;;;;;;;;;;;;;;;;;;;;;;;;;
;;;;;;;;;;;;;;;;;;;;;;;;;;;;;;;;;;;;;;;;;;;;;;
;;;;;;;;;;;;;;;;;;;;;;;;;;;;;;;;;;;;;;;;;;;;;;
;;;;;;;;;;;;;;;;;;;;;;;;;;;;;;;;;;;;;;;;;;;;;;
;;;;;;;;;;;;;;;;;;;;;;;;;;;;;;;;;;;;;;;;;;;;;;
;;;;;;;;;;;;;;;;;;;;;;;;;;;;;;;;;;;;;;;;;;;;;;
;;;;;;;;;;;;;;;;;;;;;;;;;;;;;;;;;;;;;;;;;;;;;;
;;;;;;;;;;;;;;;;;;;;;;;;;;;;;;;;;;;;;;;;;;;;;;
;;;;;;;;;;;;;;;;;;;;;;;;;;;;;;;;;;;;;;;;;;;;;;
;;;;;;;;;;;;;;;;;;;;;;;;;;;;;;;;;;;;;;;;;;;;;;
;;;;;;;;;;;;;;;;;;;;;;;;;;;;;;;;;;;;;;;;;;;;;;
;;;;;;;;;;;;;;;;;;;;;;;;;;;;;;;;;;;;;;;;;;;;;;
;;;;;;;;;;;;;;;;;;;;;;;;;;;;;;;;;;;;;;;;;;;;;;
;;;;;;;;;;;;;;;;;;;;;;;;;;;;;;;;;;;;;;;;;;;;;;
;;;;;;;;;;;;;;;;;;;;;;;;;;;;;;;;;;;;;;;;;;;;;;
;;;;;;;;;;;;;;;;;;;;;;;;;;;;;;;;;;;;;;;;;;;;;;
;;;;;;;;;;;;;;;;;;;;;;;;;;;;;;;;;;;;;;;;;;;;;;
;;;;;;;;;;;;;;;;;;;;;;;;;;;;;;;;;;;;;;;;;;;;;;
;;;;;;;;;;;;;;;;;;;;;;;;;;;;;;;;;;;;;;;;;;;;;;
;;;;;;;;;;;;;;;;;;;;;;;;;;;;;;;;;;;;;;;;;;;;;;
;;;;;;;;;;;;;;;;;;;;;;;;;;;;;;;;;;;;;;;;;;;;;;
;;;;;;;;;;;;;;;;;;;;;;;;;;;;;;;;;;;;;;;;;;;;;;
;;;;;;;;;;;;;;;;;;;;;;;;;;;;;;;;;;;;;;;;;;;;;;
;;;;;;;;;;;;;;;;;;;;;;;;;;;;;;;;;;;;;;;;;;;;;;
;;;;;;;;;;;;;;;;;;;;;;;;;;;;;;;;;;;;;;;;;;;;;;
;;;;;;;;;;;;;;;;;;;;;;;;;;;;;;;;;;;;;;;;;;;;;;
;;;;;;;;;;;;;;;;;;;;;;;;;;;;;;;;;;;;;;;;;;;;;;
;;;;;;;;;;;;;;;;;;;;;;;;;;;;;;;;;;;;;;;;;;;;;;
;;;;;;;;;;;;;;;;;;;;;;;;;;;;;;;;;;;;;;;;;;;;;;
;;;;;;;;;;;;;;;;;;;;;;;;;;;;;;;;;;;;;;;;;;;;;;
;;;;;;;;;;;;;;;;;;;;;;;;;;;;;;;;;;;;;;;;;;;;;;
;;;;;;;;;;;;;;;;;;;;;;;;;;;;;;;;;;;;;;;;;;;;;;
;;;;;;;;;;;;;;;;;;;;;;;;;;;;;;;;;;;;;;;;;;;;;;
;;;;;;;;;;;;;;;;;;;;;;;;;;;;;;;;;;;;;;;;;;;;;;
;;;;;;;;;;;;;;;;;;;;;;;;;;;;;;;;;;;;;;;;;;;;;;
;;;;;;;;;;;;;;;;;;;;;;;;;;;;;;;;;;;;;;;;;;;;;;
;;;;;;;;;;;;;;;;;;;;;;;;;;;;;;;;;;;;;;;;;;;;;;
;;;;;;;;;;;;;;;;;;;;;;;;;;;;;;;;;;;;;;;;;;;;;;
;;;;;;;;;;;;;;;;;;;;;;;;;;;;;;;;;;;;;;;;;;;;;;
;;;;;;;;;;;;;;;;;;;;;;;;;;;;;;;;;;;;;;;;;;;;;;
;;;;;;;;;;;;;;;;;;;;;;;;;;;;;;;;;;;;;;;;;;;;;;
;;;;;;;;;;;;;;;;;;;;;;;;;;;;;;;;;;;;;;;;;;;;;;
;;;;;;;;;;;;;;;;;;;;;;;;;;;;;;;;;;;;;;;;;;;;;;
;;;;;;;;;;;;;;;;;;;;;;;;;;;;;;;;;;;;;;;;;;;;;;
;;;;;;;;;;;;;;;;;;;;;;;;;;;;;;;;;;;;;;;;;;;;;;
;;;;;;;;;;;;;;;;;;;;;;;;;;;;;;;;;;;;;;;;;;;;;;
;;;;;;;;;;;;;;;;;;;;;;;;;;;;;;;;;;;;;;;;;;;;;;
;;;;;;;;;;;;;;;;;;;;;;;;;;;;;;;;;;;;;;;;;;;;;;
;;;;;;;;;;;;;;;;;;;;;;;;;;;;;;;;;;;;;;;;;;;;;;
;;;;;;;;;;;;;;;;;;;;;;;;;;;;;;;;;;;;;;;;;;;;;;
;;;;;;;;;;;;;;;;;;;;;;;;;;;;;;;;;;;;;;;;;;;;;;
;;;;;;;;;;;;;;;;;;;;;;;;;;;;;;;;;;;;;;;;;;;;;;
;;;;;;;;;;;;;;;;;;;;;;;;;;;;;;;;;;;;;;;;;;;;;;
;;;;;;;;;;;;;;;;;;;;;;;;;;;;;;;;;;;;;;;;;;;;;;
;;;;;;;;;;;;;;;;;;;;;;;;;;;;;;;;;;;;;;;;;;;;;;
;;;;;;;;;;;;;;;;;;;;;;;;;;;;;;;;;;;;;;;;;;;;;;
;;;;;;;;;;;;;;;;;;;;;;;;;;;;;;;;;;;;;;;;;;;;;;
;;;;;;;;;;;;;;;;;;;;;;;;;;;;;;;;;;;;;;;;;;;;;;
;;;;;;;;;;;;;;;;;;;;;;;;;;;;;;;;;;;;;;;;;;;;;;
;;;;;;;;;;;;;;;;;;;;;;;;;;;;;;;;;;;;;;;;;;;;;;
;;;;;;;;;;;;;;;;;;;;;;;;;;;;;;;;;;;;;;;;;;;;;;
;;;;;;;;;;;;;;;;;;;;;;;;;;;;;;;;;;;;;;;;;;;;;;
;;;;;;;;;;;;;;;;;;;;;;;;;;;;;;;;;;;;;;;;;;;;;;
;;;;;;;;;;;;;;;;;;;;;;;;;;;;;;;;;;;;;;;;;;;;;;
;;;;;;;;;;;;;;;;;;;;;;;;;;;;;;;;;;;;;;;;;;;;;;
;;;;;;;;;;;;;;;;;;;;;;;;;;;;;;;;;;;;;;;;;;;;;;
;;;;;;;;;;;;;;;;;;;;;;;;;;;;;;;;;;;;;;;;;;;;;;
;;;;;;;;;;;;;;;;;;;;;;;;;;;;;;;;;;;;;;;;;;;;;;
;;;;;;;;;;;;;;;;;;;;;;;;;;;;;;;;;;;;;;;;;;;;;;
;;;;;;;;;;;;;;;;;;;;;;;;;;;;;;;;;;;;;;;;;;;;;;
;;;;;;;;;;;;;;;;;;;;;;;;;;;;;;;;;;;;;;;;;;;;;;
;;;;;;;;;;;;;;;;;;;;;;;;;;;;;;;;;;;;;;;;;;;;;;
;;;;;;;;;;;;;;;;;;;;;;;;;;;;;;;;;;;;;;;;;;;;;;
;;;;;;;;;;;;;;;;;;;;;;;;;;;;;;;;;;;;;;;;;;;;;;
;;;;;;;;;;;;;;;;;;;;;;;;;;;;;;;;;;;;;;;;;;;;;;
;;;;;;;;;;;;;;;;;;;;;;;;;;;;;;;;;;;;;;;;;;;;;;
;;;;;;;;;;;;;;;;;;;;;;;;;;;;;;;;;;;;;;;;;;;;;;
;;;;;;;;;;;;;;;;;;;;;;;;;;;;;;;;;;;;;;;;;;;;;;
;;;;;;;;;;;;;;;;;;;;;;;;;;;;;;;;;;;;;;;;;;;;;;
;;;;;;;;;;;;;;;;;;;;;;;;;;;;;;;;;;;;;;;;;;;;;;
;;;;;;;;;;;;;;;;;;;;;;;;;;;;;;;;;;;;;;;;;;;;;;
;;;;;;;;;;;;;;;;;;;;;;;;;;;;;;;;;;;;;;;;;;;;;;
;;;;;;;;;;;;;;;;;;;;;;;;;;;;;;;;;;;;;;;;;;;;;;
;;;;;;;;;;;;;;;;;;;;;;;;;;;;;;;;;;;;;;;;;;;;;;
;;;;;;;;;;;;;;;;;;;;;;;;;;;;;;;;;;;;;;;;;;;;;;
;;;;;;;;;;;;;;;;;;;;;;;;;;;;;;;;;;;;;;;;;;;;;;
;;;;;;;;;;;;;;;;;;;;;;;;;;;;;;;;;;;;;;;;;;;;;;
;;;;;;;;;;;;;;;;;;;;;;;;;;;;;;;;;;;;;;;;;;;;;;
;;;;;;;;;;;;;;;;;;;;;;;;;;;;;;;;;;;;;;;;;;;;;;
;;;;;;;;;;;;;;;;;;;;;;;;;;;;;;;;;;;;;;;;;;;;;;
;;;;;;;;;;;;;;;;;;;;;;;;;;;;;;;;;;;;;;;;;;;;;;
;;;;;;;;;;;;;;;;;;;;;;;;;;;;;;;;;;;;;;;;;;;;;;
;;;;;;;;;;;;;;;;;;;;;;;;;;;;;;;;;;;;;;;;;;;;;;
;;;;;;;;;;;;;;;;;;;;;;;;;;;;;;;;;;;;;;;;;;;;;;
;;;;;;;;;;;;;;;;;;;;;;;;;;;;;;;;;;;;;;;;;;;;;;
;;;;;;;;;;;;;;;;;;;;;;;;;;;;;;;;;;;;;;;;;;;;;;
;;;;;;;;;;;;;;;;;;;;;;;;;;;;;;;;;;;;;;;;;;;;;;
;;;;;;;;;;;;;;;;;;;;;;;;;;;;;;;;;;;;;;;;;;;;;;
;;;;;;;;;;;;;;;;;;;;;;;;;;;;;;;;;;;;;;;;;;;;;;
;;;;;;;;;;;;;;;;;;;;;;;;;;;;;;;;;;;;;;;;;;;;;;
;;;;;;;;;;;;;;;;;;;;;;;;;;;;;;;;;;;;;;;;;;;;;;
;;;;;;;;;;;;;;;;;;;;;;;;;;;;;;;;;;;;;;;;;;;;;;
;;;;;;;;;;;;;;;;;;;;;;;;;;;;;;;;;;;;;;;;;;;;;;
;;;;;;;;;;;;;;;;;;;;;;;;;;;;;;;;;;;;;;;;;;;;;;
;;;;;;;;;;;;;;;;;;;;;;;;;;;;;;;;;;;;;;;;;;;;;;
;;;;;;;;;;;;;;;;;;;;;;;;;;;;;;;;;;;;;;;;;;;;;;
;;;;;;;;;;;;;;;;;;;;;;;;;;;;;;;;;;;;;;;;;;;;;;
;;;;;;;;;;;;;;;;;;;;;;;;;;;;;;;;;;;;;;;;;;;;;;
;;;;;;;;;;;;;;;;;;;;;;;;;;;;;;;;;;;;;;;;;;;;;;
;;;;;;;;;;;;;;;;;;;;;;;;;;;;;;;;;;;;;;;;;;;;;;
;;;;;;;;;;;;;;;;;;;;;;;;;;;;;;;;;;;;;;;;;;;;;;
;;;;;;;;;;;;;;;;;;;;;;;;;;;;;;;;;;;;;;;;;;;;;;
;;;;;;;;;;;;;;;;;;;;;;;;;;;;;;;;;;;;;;;;;;;;;;
;;;;;;;;;;;;;;;;;;;;;;;;;;;;;;;;;;;;;;;;;;;;;;
;;;;;;;;;;;;;;;;;;;;;;;;;;;;;;;;;;;;;;;;;;;;;;
;;;;;;;;;;;;;;;;;;;;;;;;;;;;;;;;;;;;;;;;;;;;;;
;;;;;;;;;;;;;;;;;;;;;;;;;;;;;;;;;;;;;;;;;;;;;;
;;;;;;;;;;;;;;;;;;;;;;;;;;;;;;;;;;;;;;;;;;;;;;
;;;;;;;;;;;;;;;;;;;;;;;;;;;;;;;;;;;;;;;;;;;;;;
;;;;;;;;;;;;;;;;;;;;;;;;;;;;;;;;;;;;;;;;;;;;;;
;;;;;;;;;;;;;;;;;;;;;;;;;;;;;;;;;;;;;;;;;;;;;;
;;;;;;;;;;;;;;;;;;;;;;;;;;;;;;;;;;;;;;;;;;;;;;
;;;;;;;;;;;;;;;;;;;;;;;;;;;;;;;;;;;;;;;;;;;;;;
;;;;;;;;;;;;;;;;;;;;;;;;;;;;;;;;;;;;;;;;;;;;;;
;;;;;;;;;;;;;;;;;;;;;;;;;;;;;;;;;;;;;;;;;;;;;;
;;;;;;;;;;;;;;;;;;;;;;;;;;;;;;;;;;;;;;;;;;;;;;
;;;;;;;;;;;;;;;;;;;;;;;;;;;;;;;;;;;;;;;;;;;;;;
;;;;;;;;;;;;;;;;;;;;;;;;;;;;;;;;;;;;;;;;;;;;;;
;;;;;;;;;;;;;;;;;;;;;;;;;;;;;;;;;;;;;;;;;;;;;;
;;;;;;;;;;;;;;;;;;;;;;;;;;;;;;;;;;;;;;;;;;;;;;
;;;;;;;;;;;;;;;;;;;;;;;;;;;;;;;;;;;;;;;;;;;;;;
;;;;;;;;;;;;;;;;;;;;;;;;;;;;;;;;;;;;;;;;;;;;;;
;;;;;;;;;;;;;;;;;;;;;;;;;;;;;;;;;;;;;;;;;;;;;;
;;;;;;;;;;;;;;;;;;;;;;;;;;;;;;;;;;;;;;;;;;;;;;
;;;;;;;;;;;;;;;;;;;;;;;;;;;;;;;;;;;;;;;;;;;;;;
;;;;;;;;;;;;;;;;;;;;;;;;;;;;;;;;;;;;;;;;;;;;;;
;;;;;;;;;;;;;;;;;;;;;;;;;;;;;;;;;;;;;;;;;;;;;;
;;;;;;;;;;;;;;;;;;;;;;;;;;;;;;;;;;;;;;;;;;;;;;
;;;;;;;;;;;;;;;;;;;;;;;;;;;;;;;;;;;;;;;;;;;;;;
;;;;;;;;;;;;;;;;;;;;;;;;;;;;;;;;;;;;;;;;;;;;;;
;;;;;;;;;;;;;;;;;;;;;;;;;;;;;;;;;;;;;;;;;;;;;;
;;;;;;;;;;;;;;;;;;;;;;;;;;;;;;;;;;;;;;;;;;;;;;
;;;;;;;;;;;;;;;;;;;;;;;;;;;;;;;;;;;;;;;;;;;;;;
;;;;;;;;;;;;;;;;;;;;;;;;;;;;;;;;;;;;;;;;;;;;;;
;;;;;;;;;;;;;;;;;;;;;;;;;;;;;;;;;;;;;;;;;;;;;;
;;;;;;;;;;;;;;;;;;;;;;;;;;;;;;;;;;;;;;;;;;;;;;
;;;;;;;;;;;;;;;;;;;;;;;;;;;;;;;;;;;;;;;;;;;;;;
;;;;;;;;;;;;;;;;;;;;;;;;;;;;;;;;;;;;;;;;;;;;;;
;;;;;;;;;;;;;;;;;;;;;;;;;;;;;;;;;;;;;;;;;;;;;;
;;;;;;;;;;;;;;;;;;;;;;;;;;;;;;;;;;;;;;;;;;;;;;
;;;;;;;;;;;;;;;;;;;;;;;;;;;;;;;;;;;;;;;;;;;;;;
;;;;;;;;;;;;;;;;;;;;;;;;;;;;;;;;;;;;;;;;;;;;;;
;;;;;;;;;;;;;;;;;;;;;;;;;;;;;;;;;;;;;;;;;;;;;;
;;;;;;;;;;;;;;;;;;;;;;;;;;;;;;;;;;;;;;;;;;;;;;
;;;;;;;;;;;;;;;;;;;;;;;;;;;;;;;;;;;;;;;;;;;;;;
;;;;;;;;;;;;;;;;;;;;;;;;;;;;;;;;;;;;;;;;;;;;;;
;;;;;;;;;;;;;;;;;;;;;;;;;;;;;;;;;;;;;;;;;;;;;;
;;;;;;;;;;;;;;;;;;;;;;;;;;;;;;;;;;;;;;;;;;;;;;
;;;;;;;;;;;;;;;;;;;;;;;;;;;;;;;;;;;;;;;;;;;;;;
;;;;;;;;;;;;;;;;;;;;;;;;;;;;;;;;;;;;;;;;;;;;;;
;;;;;;;;;;;;;;;;;;;;;;;;;;;;;;;;;;;;;;;;;;;;;;
;;;;;;;;;;;;;;;;;;;;;;;;;;;;;;;;;;;;;;;;;;;;;;
;;;;;;;;;;;;;;;;;;;;;;;;;;;;;;;;;;;;;;;;;;;;;;
;;;;;;;;;;;;;;;;;;;;;;;;;;;;;;;;;;;;;;;;;;;;;;
;;;;;;;;;;;;;;;;;;;;;;;;;;;;;;;;;;;;;;;;;;;;;;
;;;;;;;;;;;;;;;;;;;;;;;;;;;;;;;;;;;;;;;;;;;;;;
;;;;;;;;;;;;;;;;;;;;;;;;;;;;;;;;;;;;;;;;;;;;;;
;;;;;;;;;;;;;;;;;;;;;;;;;;;;;;;;;;;;;;;;;;;;;;
;;;;;;;;;;;;;;;;;;;;;;;;;;;;;;;;;;;;;;;;;;;;;;
;;;;;;;;;;;;;;;;;;;;;;;;;;;;;;;;;;;;;;;;;;;;;;
;;;;;;;;;;;;;;;;;;;;;;;;;;;;;;;;;;;;;;;;;;;;;;
;;;;;;;;;;;;;;;;;;;;;;;;;;;;;;;;;;;;;;;;;;;;;;
;;;;;;;;;;;;;;;;;;;;;;;;;;;;;;;;;;;;;;;;;;;;;;
;;;;;;;;;;;;;;;;;;;;;;;;;;;;;;;;;;;;;;;;;;;;;;
;;;;;;;;;;;;;;;;;;;;;;;;;;;;;;;;;;;;;;;;;;;;;;
;;;;;;;;;;;;;;;;;;;;;;;;;;;;;;;;;;;;;;;;;;;;;;
;;;;;;;;;;;;;;;;;;;;;;;;;;;;;;;;;;;;;;;;;;;;;;
;;;;;;;;;;;;;;;;;;;;;;;;;;;;;;;;;;;;;;;;;;;;;;
;;;;;;;;;;;;;;;;;;;;;;;;;;;;;;;;;;;;;;;;;;;;;;
;;;;;;;;;;;;;;;;;;;;;;;;;;;;;;;;;;;;;;;;;;;;;;
;;;;;;;;;;;;;;;;;;;;;;;;;;;;;;;;;;;;;;;;;;;;;;
;;;;;;;;;;;;;;;;;;;;;;;;;;;;;;;;;;;;;;;;;;;;;;
;;;;;;;;;;;;;;;;;;;;;;;;;;;;;;;;;;;;;;;;;;;;;;
;;;;;;;;;;;;;;;;;;;;;;;;;;;;;;;;;;;;;;;;;;;;;;
;;;;;;;;;;;;;;;;;;;;;;;;;;;;;;;;;;;;;;;;;;;;;;
;;;;;;;;;;;;;;;;;;;;;;;;;;;;;;;;;;;;;;;;;;;;;;
;;;;;;;;;;;;;;;;;;;;;;;;;;;;;;;;;;;;;;;;;;;;;;
;;;;;;;;;;;;;;;;;;;;;;;;;;;;;;;;;;;;;;;;;;;;;;
;;;;;;;;;;;;;;;;;;;;;;;;;;;;;;;;;;;;;;;;;;;;;;
;;;;;;;;;;;;;;;;;;;;;;;;;;;;;;;;;;;;;;;;;;;;;;
;;;;;;;;;;;;;;;;;;;;;;;;;;;;;;;;;;;;;;;;;;;;;;
;;;;;;;;;;;;;;;;;;;;;;;;;;;;;;;;;;;;;;;;;;;;;;
;;;;;;;;;;;;;;;;;;;;;;;;;;;;;;;;;;;;;;;;;;;;;;
;;;;;;;;;;;;;;;;;;;;;;;;;;;;;;;;;;;;;;;;;;;;;;
;;;;;;;;;;;;;;;;;;;;;;;;;;;;;;;;;;;;;;;;;;;;;;
;;;;;;;;;;;;;;;;;;;;;;;;;;;;;;;;;;;;;;;;;;;;;;
;;;;;;;;;;;;;;;;;;;;;;;;;;;;;;;;;;;;;;;;;;;;;;
;;;;;;;;;;;;;;;;;;;;;;;;;;;;;;;;;;;;;;;;;;;;;;
;;;;;;;;;;;;;;;;;;;;;;;;;;;;;;;;;;;;;;;;;;;;;;
;;;;;;;;;;;;;;;;;;;;;;;;;;;;;;;;;;;;;;;;;;;;;;
;;;;;;;;;;;;;;;;;;;;;;;;;;;;;;;;;;;;;;;;;;;;;;
;;;;;;;;;;;;;;;;;;;;;;;;;;;;;;;;;;;;;;;;;;;;;;
;;;;;;;;;;;;;;;;;;;;;;;;;;;;;;;;;;;;;;;;;;;;;;
;;;;;;;;;;;;;;;;;;;;;;;;;;;;;;;;;;;;;;;;;;;;;;
;;;;;;;;;;;;;;;;;;;;;;;;;;;;;;;;;;;;;;;;;;;;;;
;;;;;;;;;;;;;;;;;;;;;;;;;;;;;;;;;;;;;;;;;;;;;;
;;;;;;;;;;;;;;;;;;;;;;;;;;;;;;;;;;;;;;;;;;;;;;
;;;;;;;;;;;;;;;;;;;;;;;;;;;;;;;;;;;;;;;;;;;;;;
;;;;;;;;;;;;;;;;;;;;;;;;;;;;;;;;;;;;;;;;;;;;;;
;;;;;;;;;;;;;;;;;;;;;;;;;;;;;;;;;;;;;;;;;;;;;;
;;;;;;;;;;;;;;;;;;;;;;;;;;;;;;;;;;;;;;;;;;;;;;
;;;;;;;;;;;;;;;;;;;;;;;;;;;;;;;;;;;;;;;;;;;;;;
;;;;;;;;;;;;;;;;;;;;;;;;;;;;;;;;;;;;;;;;;;;;;;
;;;;;;;;;;;;;;;;;;;;;;;;;;;;;;;;;;;;;;;;;;;;;;
;;;;;;;;;;;;;;;;;;;;;;;;;;;;;;;;;;;;;;;;;;;;;;
;;;;;;;;;;;;;;;;;;;;;;;;;;;;;;;;;;;;;;;;;;;;;;
;;;;;;;;;;;;;;;;;;;;;;;;;;;;;;;;;;;;;;;;;;;;;;
;;;;;;;;;;;;;;;;;;;;;;;;;;;;;;;;;;;;;;;;;;;;;;
;;;;;;;;;;;;;;;;;;;;;;;;;;;;;;;;;;;;;;;;;;;;;;
;;;;;;;;;;;;;;;;;;;;;;;;;;;;;;;;;;;;;;;;;;;;;;
;;;;;;;;;;;;;;;;;;;;;;;;;;;;;;;;;;;;;;;;;;;;;;
;;;;;;;;;;;;;;;;;;;;;;;;;;;;;;;;;;;;;;;;;;;;;;
;;;;;;;;;;;;;;;;;;;;;;;;;;;;;;;;;;;;;;;;;;;;;;
;;;;;;;;;;;;;;;;;;;;;;;;;;;;;;;;;;;;;;;;;;;;;;
;;;;;;;;;;;;;;;;;;;;;;;;;;;;;;;;;;;;;;;;;;;;;;
;;;;;;;;;;;;;;;;;;;;;;;;;;;;;;;;;;;;;;;;;;;;;;
;;;;;;;;;;;;;;;;;;;;;;;;;;;;;;;;;;;;;;;;;;;;;;
;;;;;;;;;;;;;;;;;;;;;;;;;;;;;;;;;;;;;;;;;;;;;;
;;;;;;;;;;;;;;;;;;;;;;;;;;;;;;;;;;;;;;;;;;;;;;
;;;;;;;;;;;;;;;;;;;;;;;;;;;;;;;;;;;;;;;;;;;;;;
;;;;;;;;;;;;;;;;;;;;;;;;;;;;;;;;;;;;;;;;;;;;;;
;;;;;;;;;;;;;;;;;;;;;;;;;;;;;;;;;;;;;;;;;;;;;;
;;;;;;;;;;;;;;;;;;;;;;;;;;;;;;;;;;;;;;;;;;;;;;
;;;;;;;;;;;;;;;;;;;;;;;;;;;;;;;;;;;;;;;;;;;;;;
;;;;;;;;;;;;;;;;;;;;;;;;;;;;;;;;;;;;;;;;;;;;;;
;;;;;;;;;;;;;;;;;;;;;;;;;;;;;;;;;;;;;;;;;;;;;;
;;;;;;;;;;;;;;;;;;;;;;;;;;;;;;;;;;;;;;;;;;;;;;
;;;;;;;;;;;;;;;;;;;;;;;;;;;;;;;;;;;;;;;;;;;;;;
;;;;;;;;;;;;;;;;;;;;;;;;;;;;;;;;;;;;;;;;;;;;;;
;;;;;;;;;;;;;;;;;;;;;;;;;;;;;;;;;;;;;;;;;;;;;;
;;;;;;;;;;;;;;;;;;;;;;;;;;;;;;;;;;;;;;;;;;;;;;
;;;;;;;;;;;;;;;;;;;;;;;;;;;;;;;;;;;;;;;;;;;;;;
;;;;;;;;;;;;;;;;;;;;;;;;;;;;;;;;;;;;;;;;;;;;;;
;;;;;;;;;;;;;;;;;;;;;;;;;;;;;;;;;;;;;;;;;;;;;;
;;;;;;;;;;;;;;;;;;;;;;;;;;;;;;;;;;;;;;;;;;;;;;
;;;;;;;;;;;;;;;;;;;;;;;;;;;;;;;;;;;;;;;;;;;;;;
;;;;;;;;;;;;;;;;;;;;;;;;;;;;;;;;;;;;;;;;;;;;;;
;;;;;;;;;;;;;;;;;;;;;;;;;;;;;;;;;;;;;;;;;;;;;;
;;;;;;;;;;;;;;;;;;;;;;;;;;;;;;;;;;;;;;;;;;;;;;
;;;;;;;;;;;;;;;;;;;;;;;;;;;;;;;;;;;;;;;;;;;;;;
;;;;;;;;;;;;;;;;;;;;;;;;;;;;;;;;;;;;;;;;;;;;;;
;;;;;;;;;;;;;;;;;;;;;;;;;;;;;;;;;;;;;;;;;;;;;;
;;;;;;;;;;;;;;;;;;;;;;;;;;;;;;;;;;;;;;;;;;;;;;
;;;;;;;;;;;;;;;;;;;;;;;;;;;;;;;;;;;;;;;;;;;;;;
;;;;;;;;;;;;;;;;;;;;;;;;;;;;;;;;;;;;;;;;;;;;;;
;;;;;;;;;;;;;;;;;;;;;;;;;;;;;;;;;;;;;;;;;;;;;;
;;;;;;;;;;;;;;;;;;;;;;;;;;;;;;;;;;;;;;;;;;;;;;
;;;;;;;;;;;;;;;;;;;;;;;;;;;;;;;;;;;;;;;;;;;;;;
;;;;;;;;;;;;;;;;;;;;;;;;;;;;;;;;;;;;;;;;;;;;;;
;;;;;;;;;;;;;;;;;;;;;;;;;;;;;;;;;;;;;;;;;;;;;;
;;;;;;;;;;;;;;;;;;;;;;;;;;;;;;;;;;;;;;;;;;;;;;
;;;;;;;;;;;;;;;;;;;;;;;;;;;;;;;;;;;;;;;;;;;;;;
;;;;;;;;;;;;;;;;;;;;;;;;;;;;;;;;;;;;;;;;;;;;;;
;;;;;;;;;;;;;;;;;;;;;;;;;;;;;;;;;;;;;;;;;;;;;;
;;;;;;;;;;;;;;;;;;;;;;;;;;;;;;;;;;;;;;;;;;;;;;
;;;;;;;;;;;;;;;;;;;;;;;;;;;;;;;;;;;;;;;;;;;;;;
;;;;;;;;;;;;;;;;;;;;;;;;;;;;;;;;;;;;;;;;;;;;;;
;;;;;;;;;;;;;;;;;;;;;;;;;;;;;;;;;;;;;;;;;;;;;;
;;;;;;;;;;;;;;;;;;;;;;;;;;;;;;;;;;;;;;;;;;;;;;
;;;;;;;;;;;;;;;;;;;;;;;;;;;;;;;;;;;;;;;;;;;;;;
;;;;;;;;;;;;;;;;;;;;;;;;;;;;;;;;;;;;;;;;;;;;;;
;;;;;;;;;;;;;;;;;;;;;;;;;;;;;;;;;;;;;;;;;;;;;;
;;;;;;;;;;;;;;;;;;;;;;;;;;;;;;;;;;;;;;;;;;;;;;
;;;;;;;;;;;;;;;;;;;;;;;;;;;;;;;;;;;;;;;;;;;;;;
;;;;;;;;;;;;;;;;;;;;;;;;;;;;;;;;;;;;;;;;;;;;;;
;;;;;;;;;;;;;;;;;;;;;;;;;;;;;;;;;;;;;;;;;;;;;;
;;;;;;;;;;;;;;;;;;;;;;;;;;;;;;;;;;;;;;;;;;;;;;
;;;;;;;;;;;;;;;;;;;;;;;;;;;;;;;;;;;;;;;;;;;;;;
;;;;;;;;;;;;;;;;;;;;;;;;;;;;;;;;;;;;;;;;;;;;;;
;;;;;;;;;;;;;;;;;;;;;;;;;;;;;;;;;;;;;;;;;;;;;;
;;;;;;;;;;;;;;;;;;;;;;;;;;;;;;;;;;;;;;;;;;;;;;
;;;;;;;;;;;;;;;;;;;;;;;;;;;;;;;;;;;;;;;;;;;;;;
;;;;;;;;;;;;;;;;;;;;;;;;;;;;;;;;;;;;;;;;;;;;;;
;;;;;;;;;;;;;;;;;;;;;;;;;;;;;;;;;;;;;;;;;;;;;;
;;;;;;;;;;;;;;;;;;;;;;;;;;;;;;;;;;;;;;;;;;;;;;
;;;;;;;;;;;;;;;;;;;;;;;;;;;;;;;;;;;;;;;;;;;;;;
;;;;;;;;;;;;;;;;;;;;;;;;;;;;;;;;;;;;;;;;;;;;;;
;;;;;;;;;;;;;;;;;;;;;;;;;;;;;;;;;;;;;;;;;;;;;;
;;;;;;;;;;;;;;;;;;;;;;;;;;;;;;;;;;;;;;;;;;;;;;
;;;;;;;;;;;;;;;;;;;;;;;;;;;;;;;;;;;;;;;;;;;;;;
;;;;;;;;;;;;;;;;;;;;;;;;;;;;;;;;;;;;;;;;;;;;;;
;;;;;;;;;;;;;;;;;;;;;;;;;;;;;;;;;;;;;;;;;;;;;;
;;;;;;;;;;;;;;;;;;;;;;;;;;;;;;;;;;;;;;;;;;;;;;
;;;;;;;;;;;;;;;;;;;;;;;;;;;;;;;;;;;;;;;;;;;;;;
;;;;;;;;;;;;;;;;;;;;;;;;;;;;;;;;;;;;;;;;;;;;;;
;;;;;;;;;;;;;;;;;;;;;;;;;;;;;;;;;;;;;;;;;;;;;;
;;;;;;;;;;;;;;;;;;;;;;;;;;;;;;;;;;;;;;;;;;;;;;
;;;;;;;;;;;;;;;;;;;;;;;;;;;;;;;;;;;;;;;;;;;;;;
;;;;;;;;;;;;;;;;;;;;;;;;;;;;;;;;;;;;;;;;;;;;;;
;;;;;;;;;;;;;;;;;;;;;;;;;;;;;;;;;;;;;;;;;;;;;;
;;;;;;;;;;;;;;;;;;;;;;;;;;;;;;;;;;;;;;;;;;;;;;
;;;;;;;;;;;;;;;;;;;;;;;;;;;;;;;;;;;;;;;;;;;;;;
;;;;;;;;;;;;;;;;;;;;;;;;;;;;;;;;;;;;;;;;;;;;;;
;;;;;;;;;;;;;;;;;;;;;;;;;;;;;;;;;;;;;;;;;;;;;;
;;;;;;;;;;;;;;;;;;;;;;;;;;;;;;;;;;;;;;;;;;;;;;
;;;;;;;;;;;;;;;;;;;;;;;;;;;;;;;;;;;;;;;;;;;;;;
;;;;;;;;;;;;;;;;;;;;;;;;;;;;;;;;;;;;;;;;;;;;;;
;;;;;;;;;;;;;;;;;;;;;;;;;;;;;;;;;;;;;;;;;;;;;;
;;;;;;;;;;;;;;;;;;;;;;;;;;;;;;;;;;;;;;;;;;;;;;
;;;;;;;;;;;;;;;;;;;;;;;;;;;;;;;;;;;;;;;;;;;;;;
;;;;;;;;;;;;;;;;;;;;;;;;;;;;;;;;;;;;;;;;;;;;;;
;;;;;;;;;;;;;;;;;;;;;;;;;;;;;;;;;;;;;;;;;;;;;;
;;;;;;;;;;;;;;;;;;;;;;;;;;;;;;;;;;;;;;;;;;;;;;
;;;;;;;;;;;;;;;;;;;;;;;;;;;;;;;;;;;;;;;;;;;;;;
;;;;;;;;;;;;;;;;;;;;;;;;;;;;;;;;;;;;;;;;;;;;;;
;;;;;;;;;;;;;;;;;;;;;;;;;;;;;;;;;;;;;;;;;;;;;;
;;;;;;;;;;;;;;;;;;;;;;;;;;;;;;;;;;;;;;;;;;;;;;
;;;;;;;;;;;;;;;;;;;;;;;;;;;;;;;;;;;;;;;;;;;;;;
;;;;;;;;;;;;;;;;;;;;;;;;;;;;;;;;;;;;;;;;;;;;;;
;;;;;;;;;;;;;;;;;;;;;;;;;;;;;;;;;;;;;;;;;;;;;;
;;;;;;;;;;;;;;;;;;;;;;;;;;;;;;;;;;;;;;;;;;;;;;
;;;;;;;;;;;;;;;;;;;;;;;;;;;;;;;;;;;;;;;;;;;;;;
;;;;;;;;;;;;;;;;;;;;;;;;;;;;;;;;;;;;;;;;;;;;;;
;;;;;;;;;;;;;;;;;;;;;;;;;;;;;;;;;;;;;;;;;;;;;;
;;;;;;;;;;;;;;;;;;;;;;;;;;;;;;;;;;;;;;;;;;;;;;
;;;;;;;;;;;;;;;;;;;;;;;;;;;;;;;;;;;;;;;;;;;;;;
;;;;;;;;;;;;;;;;;;;;;;;;;;;;;;;;;;;;;;;;;;;;;;
;;;;;;;;;;;;;;;;;;;;;;;;;;;;;;;;;;;;;;;;;;;;;;
;;;;;;;;;;;;;;;;;;;;;;;;;;;;;;;;;;;;;;;;;;;;;;
;;;;;;;;;;;;;;;;;;;;;;;;;;;;;;;;;;;;;;;;;;;;;;
;;;;;;;;;;;;;;;;;;;;;;;;;;;;;;;;;;;;;;;;;;;;;;
;;;;;;;;;;;;;;;;;;;;;;;;;;;;;;;;;;;;;;;;;;;;;;
;;;;;;;;;;;;;;;;;;;;;;;;;;;;;;;;;;;;;;;;;;;;;;
;;;;;;;;;;;;;;;;;;;;;;;;;;;;;;;;;;;;;;;;;;;;;;
;;;;;;;;;;;;;;;;;;;;;;;;;;;;;;;;;;;;;;;;;;;;;;
;;;;;;;;;;;;;;;;;;;;;;;;;;;;;;;;;;;;;;;;;;;;;;
;;;;;;;;;;;;;;;;;;;;;;;;;;;;;;;;;;;;;;;;;;;;;;
;;;;;;;;;;;;;;;;;;;;;;;;;;;;;;;;;;;;;;;;;;;;;;
;;;;;;;;;;;;;;;;;;;;;;;;;;;;;;;;;;;;;;;;;;;;;;
;;;;;;;;;;;;;;;;;;;;;;;;;;;;;;;;;;;;;;;;;;;;;;
;;;;;;;;;;;;;;;;;;;;;;;;;;;;;;;;;;;;;;;;;;;;;;
;;;;;;;;;;;;;;;;;;;;;;;;;;;;;;;;;;;;;;;;;;;;;;
;;;;;;;;;;;;;;;;;;;;;;;;;;;;;;;;;;;;;;;;;;;;;;
;;;;;;;;;;;;;;;;;;;;;;;;;;;;;;;;;;;;;;;;;;;;;;
;;;;;;;;;;;;;;;;;;;;;;;;;;;;;;;;;;;;;;;;;;;;;;
;;;;;;;;;;;;;;;;;;;;;;;;;;;;;;;;;;;;;;;;;;;;;;
;;;;;;;;;;;;;;;;;;;;;;;;;;;;;;;;;;;;;;;;;;;;;;
;;;;;;;;;;;;;;;;;;;;;;;;;;;;;;;;;;;;;;;;;;;;;;
;;;;;;;;;;;;;;;;;;;;;;;;;;;;;;;;;;;;;;;;;;;;;;
;;;;;;;;;;;;;;;;;;;;;;;;;;;;;;;;;;;;;;;;;;;;;;
;;;;;;;;;;;;;;;;;;;;;;;;;;;;;;;;;;;;;;;;;;;;;;
;;;;;;;;;;;;;;;;;;;;;;;;;;;;;;;;;;;;;;;;;;;;;;
;;;;;;;;;;;;;;;;;;;;;;;;;;;;;;;;;;;;;;;;;;;;;;
;;;;;;;;;;;;;;;;;;;;;;;;;;;;;;;;;;;;;;;;;;;;;;
;;;;;;;;;;;;;;;;;;;;;;;;;;;;;;;;;;;;;;;;;;;;;;
;;;;;;;;;;;;;;;;;;;;;;;;;;;;;;;;;;;;;;;;;;;;;;
;;;;;;;;;;;;;;;;;;;;;;;;;;;;;;;;;;;;;;;;;;;;;;
;;;;;;;;;;;;;;;;;;;;;;;;;;;;;;;;;;;;;;;;;;;;;;
;;;;;;;;;;;;;;;;;;;;;;;;;;;;;;;;;;;;;;;;;;;;;;
;;;;;;;;;;;;;;;;;;;;;;;;;;;;;;;;;;;;;;;;;;;;;;
;;;;;;;;;;;;;;;;;;;;;;;;;;;;;;;;;;;;;;;;;;;;;;
;;;;;;;;;;;;;;;;;;;;;;;;;;;;;;;;;;;;;;;;;;;;;;
;;;;;;;;;;;;;;;;;;;;;;;;;;;;;;;;;;;;;;;;;;;;;;
;;;;;;;;;;;;;;;;;;;;;;;;;;;;;;;;;;;;;;;;;;;;;;
;;;;;;;;;;;;;;;;;;;;;;;;;;;;;;;;;;;;;;;;;;;;;;
;;;;;;;;;;;;;;;;;;;;;;;;;;;;;;;;;;;;;;;;;;;;;;
;;;;;;;;;;;;;;;;;;;;;;;;;;;;;;;;;;;;;;;;;;;;;;
;;;;;;;;;;;;;;;;;;;;;;;;;;;;;;;;;;;;;;;;;;;;;;
;;;;;;;;;;;;;;;;;;;;;;;;;;;;;;;;;;;;;;;;;;;;;;
;;;;;;;;;;;;;;;;;;;;;;;;;;;;;;;;;;;;;;;;;;;;;;
;;;;;;;;;;;;;;;;;;;;;;;;;;;;;;;;;;;;;;;;;;;;;;
;;;;;;;;;;;;;;;;;;;;;;;;;;;;;;;;;;;;;;;;;;;;;;
;;;;;;;;;;;;;;;;;;;;;;;;;;;;;;;;;;;;;;;;;;;;;;
;;;;;;;;;;;;;;;;;;;;;;;;;;;;;;;;;;;;;;;;;;;;;;
;;;;;;;;;;;;;;;;;;;;;;;;;;;;;;;;;;;;;;;;;;;;;;
;;;;;;;;;;;;;;;;;;;;;;;;;;;;;;;;;;;;;;;;;;;;;;
;;;;;;;;;;;;;;;;;;;;;;;;;;;;;;;;;;;;;;;;;;;;;;
;;;;;;;;;;;;;;;;;;;;;;;;;;;;;;;;;;;;;;;;;;;;;;
;;;;;;;;;;;;;;;;;;;;;;;;;;;;;;;;;;;;;;;;;;;;;;
;;;;;;;;;;;;;;;;;;;;;;;;;;;;;;;;;;;;;;;;;;;;;;
;;;;;;;;;;;;;;;;;;;;;;;;;;;;;;;;;;;;;;;;;;;;;;
;;;;;;;;;;;;;;;;;;;;;;;;;;;;;;;;;;;;;;;;;;;;;;
;;;;;;;;;;;;;;;;;;;;;;;;;;;;;;;;;;;;;;;;;;;;;;
;;;;;;;;;;;;;;;;;;;;;;;;;;;;;;;;;;;;;;;;;;;;;;
;;;;;;;;;;;;;;;;;;;;;;;;;;;;;;;;;;;;;;;;;;;;;;
;;;;;;;;;;;;;;;;;;;;;;;;;;;;;;;;;;;;;;;;;;;;;;
;;;;;;;;;;;;;;;;;;;;;;;;;;;;;;;;;;;;;;;;;;;;;;
;;;;;;;;;;;;;;;;;;;;;;;;;;;;;;;;;;;;;;;;;;;;;;
;;;;;;;;;;;;;;;;;;;;;;;;;;;;;;;;;;;;;;;;;;;;;;
;;;;;;;;;;;;;;;;;;;;;;;;;;;;;;;;;;;;;;;;;;;;;;
;;;;;;;;;;;;;;;;;;;;;;;;;;;;;;;;;;;;;;;;;;;;;;
;;;;;;;;;;;;;;;;;;;;;;;;;;;;;;;;;;;;;;;;;;;;;;
;;;;;;;;;;;;;;;;;;;;;;;;;;;;;;;;;;;;;;;;;;;;;;
;;;;;;;;;;;;;;;;;;;;;;;;;;;;;;;;;;;;;;;;;;;;;;
;;;;;;;;;;;;;;;;;;;;;;;;;;;;;;;;;;;;;;;;;;;;;;
;;;;;;;;;;;;;;;;;;;;;;;;;;;;;;;;;;;;;;;;;;;;;;
;;;;;;;;;;;;;;;;;;;;;;;;;;;;;;;;;;;;;;;;;;;;;;
;;;;;;;;;;;;;;;;;;;;;;;;;;;;;;;;;;;;;;;;;;;;;;
;;;;;;;;;;;;;;;;;;;;;;;;;;;;;;;;;;;;;;;;;;;;;;
;;;;;;;;;;;;;;;;;;;;;;;;;;;;;;;;;;;;;;;;;;;;;;
;;;;;;;;;;;;;;;;;;;;;;;;;;;;;;;;;;;;;;;;;;;;;;
;;;;;;;;;;;;;;;;;;;;;;;;;;;;;;;;;;;;;;;;;;;;;;
;;;;;;;;;;;;;;;;;;;;;;;;;;;;;;;;;;;;;;;;;;;;;;
;;;;;;;;;;;;;;;;;;;;;;;;;;;;;;;;;;;;;;;;;;;;;;
;;;;;;;;;;;;;;;;;;;;;;;;;;;;;;;;;;;;;;;;;;;;;;
;;;;;;;;;;;;;;;;;;;;;;;;;;;;;;;;;;;;;;;;;;;;;;
;;;;;;;;;;;;;;;;;;;;;;;;;;;;;;;;;;;;;;;;;;;;;;
;;;;;;;;;;;;;;;;;;;;;;;;;;;;;;;;;;;;;;;;;;;;;;
;;;;;;;;;;;;;;;;;;;;;;;;;;;;;;;;;;;;;;;;;;;;;;
;;;;;;;;;;;;;;;;;;;;;;;;;;;;;;;;;;;;;;;;;;;;;;
;;;;;;;;;;;;;;;;;;;;;;;;;;;;;;;;;;;;;;;;;;;;;;
;;;;;;;;;;;;;;;;;;;;;;;;;;;;;;;;;;;;;;;;;;;;;;
;;;;;;;;;;;;;;;;;;;;;;;;;;;;;;;;;;;;;;;;;;;;;;
;;;;;;;;;;;;;;;;;;;;;;;;;;;;;;;;;;;;;;;;;;;;;;
;;;;;;;;;;;;;;;;;;;;;;;;;;;;;;;;;;;;;;;;;;;;;;
;;;;;;;;;;;;;;;;;;;;;;;;;;;;;;;;;;;;;;;;;;;;;;
;;;;;;;;;;;;;;;;;;;;;;;;;;;;;;;;;;;;;;;;;;;;;;
;;;;;;;;;;;;;;;;;;;;;;;;;;;;;;;;;;;;;;;;;;;;;;
;;;;;;;;;;;;;;;;;;;;;;;;;;;;;;;;;;;;;;;;;;;;;;
;;;;;;;;;;;;;;;;;;;;;;;;;;;;;;;;;;;;;;;;;;;;;;
;;;;;;;;;;;;;;;;;;;;;;;;;;;;;;;;;;;;;;;;;;;;;;
;;;;;;;;;;;;;;;;;;;;;;;;;;;;;;;;;;;;;;;;;;;;;;
;;;;;;;;;;;;;;;;;;;;;;;;;;;;;;;;;;;;;;;;;;;;;;
;;;;;;;;;;;;;;;;;;;;;;;;;;;;;;;;;;;;;;;;;;;;;;
;;;;;;;;;;;;;;;;;;;;;;;;;;;;;;;;;;;;;;;;;;;;;;
;;;;;;;;;;;;;;;;;;;;;;;;;;;;;;;;;;;;;;;;;;;;;;
;;;;;;;;;;;;;;;;;;;;;;;;;;;;;;;;;;;;;;;;;;;;;;
;;;;;;;;;;;;;;;;;;;;;;;;;;;;;;;;;;;;;;;;;;;;;;
;;;;;;;;;;;;;;;;;;;;;;;;;;;;;;;;;;;;;;;;;;;;;;
;;;;;;;;;;;;;;;;;;;;;;;;;;;;;;;;;;;;;;;;;;;;;;
;;;;;;;;;;;;;;;;;;;;;;;;;;;;;;;;;;;;;;;;;;;;;;
;;;;;;;;;;;;;;;;;;;;;;;;;;;;;;;;;;;;;;;;;;;;;;
;;;;;;;;;;;;;;;;;;;;;;;;;;;;;;;;;;;;;;;;;;;;;;
;;;;;;;;;;;;;;;;;;;;;;;;;;;;;;;;;;;;;;;;;;;;;;
;;;;;;;;;;;;;;;;;;;;;;;;;;;;;;;;;;;;;;;;;;;;;;
;;;;;;;;;;;;;;;;;;;;;;;;;;;;;;;;;;;;;;;;;;;;;;
;;;;;;;;;;;;;;;;;;;;;;;;;;;;;;;;;;;;;;;;;;;;;;
;;;;;;;;;;;;;;;;;;;;;;;;;;;;;;;;;;;;;;;;;;;;;;
;;;;;;;;;;;;;;;;;;;;;;;;;;;;;;;;;;;;;;;;;;;;;;
;;;;;;;;;;;;;;;;;;;;;;;;;;;;;;;;;;;;;;;;;;;;;;
;;;;;;;;;;;;;;;;;;;;;;;;;;;;;;;;;;;;;;;;;;;;;;
;;;;;;;;;;;;;;;;;;;;;;;;;;;;;;;;;;;;;;;;;;;;;;
;;;;;;;;;;;;;;;;;;;;;;;;;;;;;;;;;;;;;;;;;;;;;;
;;;;;;;;;;;;;;;;;;;;;;;;;;;;;;;;;;;;;;;;;;;;;;
;;;;;;;;;;;;;;;;;;;;;;;;;;;;;;;;;;;;;;;;;;;;;;
;;;;;;;;;;;;;;;;;;;;;;;;;;;;;;;;;;;;;;;;;;;;;;
;;;;;;;;;;;;;;;;;;;;;;;;;;;;;;;;;;;;;;;;;;;;;;
;;;;;;;;;;;;;;;;;;;;;;;;;;;;;;;;;;;;;;;;;;;;;;
;;;;;;;;;;;;;;;;;;;;;;;;;;;;;;;;;;;;;;;;;;;;;;
;;;;;;;;;;;;;;;;;;;;;;;;;;;;;;;;;;;;;;;;;;;;;;
;;;;;;;;;;;;;;;;;;;;;;;;;;;;;;;;;;;;;;;;;;;;;;
;;;;;;;;;;;;;;;;;;;;;;;;;;;;;;;;;;;;;;;;;;;;;;
;;;;;;;;;;;;;;;;;;;;;;;;;;;;;;;;;;;;;;;;;;;;;;
;;;;;;;;;;;;;;;;;;;;;;;;;;;;;;;;;;;;;;;;;;;;;;
;;;;;;;;;;;;;;;;;;;;;;;;;;;;;;;;;;;;;;;;;;;;;;
;;;;;;;;;;;;;;;;;;;;;;;;;;;;;;;;;;;;;;;;;;;;;;
;;;;;;;;;;;;;;;;;;;;;;;;;;;;;;;;;;;;;;;;;;;;;;
;;;;;;;;;;;;;;;;;;;;;;;;;;;;;;;;;;;;;;;;;;;;;;
;;;;;;;;;;;;;;;;;;;;;;;;;;;;;;;;;;;;;;;;;;;;;;
;;;;;;;;;;;;;;;;;;;;;;;;;;;;;;;;;;;;;;;;;;;;;;
;;;;;;;;;;;;;;;;;;;;;;;;;;;;;;;;;;;;;;;;;;;;;;
;;;;;;;;;;;;;;;;;;;;;;;;;;;;;;;;;;;;;;;;;;;;;;
;;;;;;;;;;;;;;;;;;;;;;;;;;;;;;;;;;;;;;;;;;;;;;
;;;;;;;;;;;;;;;;;;;;;;;;;;;;;;;;;;;;;;;;;;;;;;
;;;;;;;;;;;;;;;;;;;;;;;;;;;;;;;;;;;;;;;;;;;;;;
;;;;;;;;;;;;;;;;;;;;;;;;;;;;;;;;;;;;;;;;;;;;;;
;;;;;;;;;;;;;;;;;;;;;;;;;;;;;;;;;;;;;;;;;;;;;;
;;;;;;;;;;;;;;;;;;;;;;;;;;;;;;;;;;;;;;;;;;;;;;
;;;;;;;;;;;;;;;;;;;;;;;;;;;;;;;;;;;;;;;;;;;;;;
;;;;;;;;;;;;;;;;;;;;;;;;;;;;;;;;;;;;;;;;;;;;;;
;;;;;;;;;;;;;;;;;;;;;;;;;;;;;;;;;;;;;;;;;;;;;;
;;;;;;;;;;;;;;;;;;;;;;;;;;;;;;;;;;;;;;;;;;;;;;
;;;;;;;;;;;;;;;;;;;;;;;;;;;;;;;;;;;;;;;;;;;;;;
;;;;;;;;;;;;;;;;;;;;;;;;;;;;;;;;;;;;;;;;;;;;;;
;;;;;;;;;;;;;;;;;;;;;;;;;;;;;;;;;;;;;;;;;;;;;;
;;;;;;;;;;;;;;;;;;;;;;;;;;;;;;;;;;;;;;;;;;;;;;
;;;;;;;;;;;;;;;;;;;;;;;;;;;;;;;;;;;;;;;;;;;;;;
;;;;;;;;;;;;;;;;;;;;;;;;;;;;;;;;;;;;;;;;;;;;;;
;;;;;;;;;;;;;;;;;;;;;;;;;;;;;;;;;;;;;;;;;;;;;;
;;;;;;;;;;;;;;;;;;;;;;;;;;;;;;;;;;;;;;;;;;;;;;
;;;;;;;;;;;;;;;;;;;;;;;;;;;;;;;;;;;;;;;;;;;;;;
;;;;;;;;;;;;;;;;;;;;;;;;;;;;;;;;;;;;;;;;;;;;;;
;;;;;;;;;;;;;;;;;;;;;;;;;;;;;;;;;;;;;;;;;;;;;;
;;;;;;;;;;;;;;;;;;;;;;;;;;;;;;;;;;;;;;;;;;;;;;
;;;;;;;;;;;;;;;;;;;;;;;;;;;;;;;;;;;;;;;;;;;;;;
;;;;;;;;;;;;;;;;;;;;;;;;;;;;;;;;;;;;;;;;;;;;;;
;;;;;;;;;;;;;;;;;;;;;;;;;;;;;;;;;;;;;;;;;;;;;;
;;;;;;;;;;;;;;;;;;;;;;;;;;;;;;;;;;;;;;;;;;;;;;
;;;;;;;;;;;;;;;;;;;;;;;;;;;;;;;;;;;;;;;;;;;;;;
;;;;;;;;;;;;;;;;;;;;;;;;;;;;;;;;;;;;;;;;;;;;;;
;;;;;;;;;;;;;;;;;;;;;;;;;;;;;;;;;;;;;;;;;;;;;;
;;;;;;;;;;;;;;;;;;;;;;;;;;;;;;;;;;;;;;;;;;;;;;
;;;;;;;;;;;;;;;;;;;;;;;;;;;;;;;;;;;;;;;;;;;;;;
;;;;;;;;;;;;;;;;;;;;;;;;;;;;;;;;;;;;;;;;;;;;;;
;;;;;;;;;;;;;;;;;;;;;;;;;;;;;;;;;;;;;;;;;;;;;;
;;;;;;;;;;;;;;;;;;;;;;;;;;;;;;;;;;;;;;;;;;;;;;
;;;;;;;;;;;;;;;;;;;;;;;;;;;;;;;;;;;;;;;;;;;;;;
;;;;;;;;;;;;;;;;;;;;;;;;;;;;;;;;;;;;;;;;;;;;;;
;;;;;;;;;;;;;;;;;;;;;;;;;;;;;;;;;;;;;;;;;;;;;;
;;;;;;;;;;;;;;;;;;;;;;;;;;;;;;;;;;;;;;;;;;;;;;
;;;;;;;;;;;;;;;;;;;;;;;;;;;;;;;;;;;;;;;;;;;;;;
;;;;;;;;;;;;;;;;;;;;;;;;;;;;;;;;;;;;;;;;;;;;;;
;;;;;;;;;;;;;;;;;;;;;;;;;;;;;;;;;;;;;;;;;;;;;;
;;;;;;;;;;;;;;;;;;;;;;;;;;;;;;;;;;;;;;;;;;;;;;
;;;;;;;;;;;;;;;;;;;;;;;;;;;;;;;;;;;;;;;;;;;;;;
;;;;;;;;;;;;;;;;;;;;;;;;;;;;;;;;;;;;;;;;;;;;;;
;;;;;;;;;;;;;;;;;;;;;;;;;;;;;;;;;;;;;;;;;;;;;;
;;;;;;;;;;;;;;;;;;;;;;;;;;;;;;;;;;;;;;;;;;;;;;
;;;;;;;;;;;;;;;;;;;;;;;;;;;;;;;;;;;;;;;;;;;;;;
;;;;;;;;;;;;;;;;;;;;;;;;;;;;;;;;;;;;;;;;;;;;;;
;;;;;;;;;;;;;;;;;;;;;;;;;;;;;;;;;;;;;;;;;;;;;;
;;;;;;;;;;;;;;;;;;;;;;;;;;;;;;;;;;;;;;;;;;;;;;
;;;;;;;;;;;;;;;;;;;;;;;;;;;;;;;;;;;;;;;;;;;;;;
;;;;;;;;;;;;;;;;;;;;;;;;;;;;;;;;;;;;;;;;;;;;;;
;;;;;;;;;;;;;;;;;;;;;;;;;;;;;;;;;;;;;;;;;;;;;;
;;;;;;;;;;;;;;;;;;;;;;;;;;;;;;;;;;;;;;;;;;;;;;
;;;;;;;;;;;;;;;;;;;;;;;;;;;;;;;;;;;;;;;;;;;;;;
;;;;;;;;;;;;;;;;;;;;;;;;;;;;;;;;;;;;;;;;;;;;;;
;;;;;;;;;;;;;;;;;;;;;;;;;;;;;;;;;;;;;;;;;;;;;;
;;;;;;;;;;;;;;;;;;;;;;;;;;;;;;;;;;;;;;;;;;;;;;
;;;;;;;;;;;;;;;;;;;;;;;;;;;;;;;;;;;;;;;;;;;;;;
;;;;;;;;;;;;;;;;;;;;;;;;;;;;;;;;;;;;;;;;;;;;;;
;;;;;;;;;;;;;;;;;;;;;;;;;;;;;;;;;;;;;;;;;;;;;;
;;;;;;;;;;;;;;;;;;;;;;;;;;;;;;;;;;;;;;;;;;;;;;
;;;;;;;;;;;;;;;;;;;;;;;;;;;;;;;;;;;;;;;;;;;;;;
;;;;;;;;;;;;;;;;;;;;;;;;;;;;;;;;;;;;;;;;;;;;;;
;;;;;;;;;;;;;;;;;;;;;;;;;;;;;;;;;;;;;;;;;;;;;;
;;;;;;;;;;;;;;;;;;;;;;;;;;;;;;;;;;;;;;;;;;;;;;
;;;;;;;;;;;;;;;;;;;;;;;;;;;;;;;;;;;;;;;;;;;;;;
;;;;;;;;;;;;;;;;;;;;;;;;;;;;;;;;;;;;;;;;;;;;;;
;;;;;;;;;;;;;;;;;;;;;;;;;;;;;;;;;;;;;;;;;;;;;;
;;;;;;;;;;;;;;;;;;;;;;;;;;;;;;;;;;;;;;;;;;;;;;
;;;;;;;;;;;;;;;;;;;;;;;;;;;;;;;;;;;;;;;;;;;;;;
;;;;;;;;;;;;;;;;;;;;;;;;;;;;;;;;;;;;;;;;;;;;;;
;;;;;;;;;;;;;;;;;;;;;;;;;;;;;;;;;;;;;;;;;;;;;;
;;;;;;;;;;;;;;;;;;;;;;;;;;;;;;;;;;;;;;;;;;;;;;
;;;;;;;;;;;;;;;;;;;;;;;;;;;;;;;;;;;;;;;;;;;;;;
;;;;;;;;;;;;;;;;;;;;;;;;;;;;;;;;;;;;;;;;;;;;;;
;;;;;;;;;;;;;;;;;;;;;;;;;;;;;;;;;;;;;;;;;;;;;;
;;;;;;;;;;;;;;;;;;;;;;;;;;;;;;;;;;;;;;;;;;;;;;
;;;;;;;;;;;;;;;;;;;;;;;;;;;;;;;;;;;;;;;;;;;;;;
;;;;;;;;;;;;;;;;;;;;;;;;;;;;;;;;;;;;;;;;;;;;;;
;;;;;;;;;;;;;;;;;;;;;;;;;;;;;;;;;;;;;;;;;;;;;;
;;;;;;;;;;;;;;;;;;;;;;;;;;;;;;;;;;;;;;;;;;;;;;
;;;;;;;;;;;;;;;;;;;;;;;;;;;;;;;;;;;;;;;;;;;;;;
;;;;;;;;;;;;;;;;;;;;;;;;;;;;;;;;;;;;;;;;;;;;;;
;;;;;;;;;;;;;;;;;;;;;;;;;;;;;;;;;;;;;;;;;;;;;;
;;;;;;;;;;;;;;;;;;;;;;;;;;;;;;;;;;;;;;;;;;;;;;
;;;;;;;;;;;;;;;;;;;;;;;;;;;;;;;;;;;;;;;;;;;;;;
;;;;;;;;;;;;;;;;;;;;;;;;;;;;;;;;;;;;;;;;;;;;;;
;;;;;;;;;;;;;;;;;;;;;;;;;;;;;;;;;;;;;;;;;;;;;;
;;;;;;;;;;;;;;;;;;;;;;;;;;;;;;;;;;;;;;;;;;;;;;
;;;;;;;;;;;;;;;;;;;;;;;;;;;;;;;;;;;;;;;;;;;;;;
;;;;;;;;;;;;;;;;;;;;;;;;;;;;;;;;;;;;;;;;;;;;;;
;;;;;;;;;;;;;;;;;;;;;;;;;;;;;;;;;;;;;;;;;;;;;;
;;;;;;;;;;;;;;;;;;;;;;;;;;;;;;;;;;;;;;;;;;;;;;
;;;;;;;;;;;;;;;;;;;;;;;;;;;;;;;;;;;;;;;;;;;;;;
;;;;;;;;;;;;;;;;;;;;;;;;;;;;;;;;;;;;;;;;;;;;;;
;;;;;;;;;;;;;;;;;;;;;;;;;;;;;;;;;;;;;;;;;;;;;;
;;;;;;;;;;;;;;;;;;;;;;;;;;;;;;;;;;;;;;;;;;;;;;
;;;;;;;;;;;;;;;;;;;;;;;;;;;;;;;;;;;;;;;;;;;;;;
;;;;;;;;;;;;;;;;;;;;;;;;;;;;;;;;;;;;;;;;;;;;;;
;;;;;;;;;;;;;;;;;;;;;;;;;;;;;;;;;;;;;;;;;;;;;;
;;;;;;;;;;;;;;;;;;;;;;;;;;;;;;;;;;;;;;;;;;;;;;
;;;;;;;;;;;;;;;;;;;;;;;;;;;;;;;;;;;;;;;;;;;;;;
;;;;;;;;;;;;;;;;;;;;;;;;;;;;;;;;;;;;;;;;;;;;;;
;;;;;;;;;;;;;;;;;;;;;;;;;;;;;;;;;;;;;;;;;;;;;;
;;;;;;;;;;;;;;;;;;;;;;;;;;;;;;;;;;;;;;;;;;;;;;
;;;;;;;;;;;;;;;;;;;;;;;;;;;;;;;;;;;;;;;;;;;;;;
;;;;;;;;;;;;;;;;;;;;;;;;;;;;;;;;;;;;;;;;;;;;;;
;;;;;;;;;;;;;;;;;;;;;;;;;;;;;;;;;;;;;;;;;;;;;;
;;;;;;;;;;;;;;;;;;;;;;;;;;;;;;;;;;;;;;;;;;;;;;
;;;;;;;;;;;;;;;;;;;;;;;;;;;;;;;;;;;;;;;;;;;;;;
;;;;;;;;;;;;;;;;;;;;;;;;;;;;;;;;;;;;;;;;;;;;;;
;;;;;;;;;;;;;;;;;;;;;;;;;;;;;;;;;;;;;;;;;;;;;;
;;;;;;;;;;;;;;;;;;;;;;;;;;;;;;;;;;;;;;;;;;;;;;
;;;;;;;;;;;;;;;;;;;;;;;;;;;;;;;;;;;;;;;;;;;;;;
;;;;;;;;;;;;;;;;;;;;;;;;;;;;;;;;;;;;;;;;;;;;;;
;;;;;;;;;;;;;;;;;;;;;;;;;;;;;;;;;;;;;;;;;;;;;;
;;;;;;;;;;;;;;;;;;;;;;;;;;;;;;;;;;;;;;;;;;;;;;
;;;;;;;;;;;;;;;;;;;;;;;;;;;;;;;;;;;;;;;;;;;;;;
;;;;;;;;;;;;;;;;;;;;;;;;;;;;;;;;;;;;;;;;;;;;;;
;;;;;;;;;;;;;;;;;;;;;;;;;;;;;;;;;;;;;;;;;;;;;;
;;;;;;;;;;;;;;;;;;;;;;;;;;;;;;;;;;;;;;;;;;;;;;
;;;;;;;;;;;;;;;;;;;;;;;;;;;;;;;;;;;;;;;;;;;;;;
;;;;;;;;;;;;;;;;;;;;;;;;;;;;;;;;;;;;;;;;;;;;;;
;;;;;;;;;;;;;;;;;;;;;;;;;;;;;;;;;;;;;;;;;;;;;;
;;;;;;;;;;;;;;;;;;;;;;;;;;;;;;;;;;;;;;;;;;;;;;
;;;;;;;;;;;;;;;;;;;;;;;;;;;;;;;;;;;;;;;;;;;;;;
;;;;;;;;;;;;;;;;;;;;;;;;;;;;;;;;;;;;;;;;;;;;;;
;;;;;;;;;;;;;;;;;;;;;;;;;;;;;;;;;;;;;;;;;;;;;;
;;;;;;;;;;;;;;;;;;;;;;;;;;;;;;;;;;;;;;;;;;;;;;
;;;;;;;;;;;;;;;;;;;;;;;;;;;;;;;;;;;;;;;;;;;;;;
;;;;;;;;;;;;;;;;;;;;;;;;;;;;;;;;;;;;;;;;;;;;;;
;;;;;;;;;;;;;;;;;;;;;;;;;;;;;;;;;;;;;;;;;;;;;;
;;;;;;;;;;;;;;;;;;;;;;;;;;;;;;;;;;;;;;;;;;;;;;
;;;;;;;;;;;;;;;;;;;;;;;;;;;;;;;;;;;;;;;;;;;;;;
;;;;;;;;;;;;;;;;;;;;;;;;;;;;;;;;;;;;;;;;;;;;;;
;;;;;;;;;;;;;;;;;;;;;;;;;;;;;;;;;;;;;;;;;;;;;;
;;;;;;;;;;;;;;;;;;;;;;;;;;;;;;;;;;;;;;;;;;;;;;
;;;;;;;;;;;;;;;;;;;;;;;;;;;;;;;;;;;;;;;;;;;;;;
;;;;;;;;;;;;;;;;;;;;;;;;;;;;;;;;;;;;;;;;;;;;;;
;;;;;;;;;;;;;;;;;;;;;;;;;;;;;;;;;;;;;;;;;;;;;;
;;;;;;;;;;;;;;;;;;;;;;;;;;;;;;;;;;;;;;;;;;;;;;
;;;;;;;;;;;;;;;;;;;;;;;;;;;;;;;;;;;;;;;;;;;;;;
;;;;;;;;;;;;;;;;;;;;;;;;;;;;;;;;;;;;;;;;;;;;;;
;;;;;;;;;;;;;;;;;;;;;;;;;;;;;;;;;;;;;;;;;;;;;;
;;;;;;;;;;;;;;;;;;;;;;;;;;;;;;;;;;;;;;;;;;;;;;
;;;;;;;;;;;;;;;;;;;;;;;;;;;;;;;;;;;;;;;;;;;;;;
;;;;;;;;;;;;;;;;;;;;;;;;;;;;;;;;;;;;;;;;;;;;;;
;;;;;;;;;;;;;;;;;;;;;;;;;;;;;;;;;;;;;;;;;;;;;;
;;;;;;;;;;;;;;;;;;;;;;;;;;;;;;;;;;;;;;;;;;;;;;
;;;;;;;;;;;;;;;;;;;;;;;;;;;;;;;;;;;;;;;;;;;;;;
;;;;;;;;;;;;;;;;;;;;;;;;;;;;;;;;;;;;;;;;;;;;;;
;;;;;;;;;;;;;;;;;;;;;;;;;;;;;;;;;;;;;;;;;;;;;;
;;;;;;;;;;;;;;;;;;;;;;;;;;;;;;;;;;;;;;;;;;;;;;
;;;;;;;;;;;;;;;;;;;;;;;;;;;;;;;;;;;;;;;;;;;;;;
;;;;;;;;;;;;;;;;;;;;;;;;;;;;;;;;;;;;;;;;;;;;;;
;;;;;;;;;;;;;;;;;;;;;;;;;;;;;;;;;;;;;;;;;;;;;;
;;;;;;;;;;;;;;;;;;;;;;;;;;;;;;;;;;;;;;;;;;;;;;
;;;;;;;;;;;;;;;;;;;;;;;;;;;;;;;;;;;;;;;;;;;;;;
;;;;;;;;;;;;;;;;;;;;;;;;;;;;;;;;;;;;;;;;;;;;;;
;;;;;;;;;;;;;;;;;;;;;;;;;;;;;;;;;;;;;;;;;;;;;;
;;;;;;;;;;;;;;;;;;;;;;;;;;;;;;;;;;;;;;;;;;;;;;
;;;;;;;;;;;;;;;;;;;;;;;;;;;;;;;;;;;;;;;;;;;;;;
;;;;;;;;;;;;;;;;;;;;;;;;;;;;;;;;;;;;;;;;;;;;;;
;;;;;;;;;;;;;;;;;;;;;;;;;;;;;;;;;;;;;;;;;;;;;;
;;;;;;;;;;;;;;;;;;;;;;;;;;;;;;;;;;;;;;;;;;;;;;
;;;;;;;;;;;;;;;;;;;;;;;;;;;;;;;;;;;;;;;;;;;;;;
;;;;;;;;;;;;;;;;;;;;;;;;;;;;;;;;;;;;;;;;;;;;;;
;;;;;;;;;;;;;;;;;;;;;;;;;;;;;;;;;;;;;;;;;;;;;;
;;;;;;;;;;;;;;;;;;;;;;;;;;;;;;;;;;;;;;;;;;;;;;
;;;;;;;;;;;;;;;;;;;;;;;;;;;;;;;;;;;;;;;;;;;;;;
;;;;;;;;;;;;;;;;;;;;;;;;;;;;;;;;;;;;;;;;;;;;;;
;;;;;;;;;;;;;;;;;;;;;;;;;;;;;;;;;;;;;;;;;;;;;;
;;;;;;;;;;;;;;;;;;;;;;;;;;;;;;;;;;;;;;;;;;;;;;
;;;;;;;;;;;;;;;;;;;;;;;;;;;;;;;;;;;;;;;;;;;;;;
;;;;;;;;;;;;;;;;;;;;;;;;;;;;;;;;;;;;;;;;;;;;;;
;;;;;;;;;;;;;;;;;;;;;;;;;;;;;;;;;;;;;;;;;;;;;;
;;;;;;;;;;;;;;;;;;;;;;;;;;;;;;;;;;;;;;;;;;;;;;
;;;;;;;;;;;;;;;;;;;;;;;;;;;;;;;;;;;;;;;;;;;;;;
;;;;;;;;;;;;;;;;;;;;;;;;;;;;;;;;;;;;;;;;;;;;;;
;;;;;;;;;;;;;;;;;;;;;;;;;;;;;;;;;;;;;;;;;;;;;;
;;;;;;;;;;;;;;;;;;;;;;;;;;;;;;;;;;;;;;;;;;;;;;
;;;;;;;;;;;;;;;;;;;;;;;;;;;;;;;;;;;;;;;;;;;;;;
;;;;;;;;;;;;;;;;;;;;;;;;;;;;;;;;;;;;;;;;;;;;;;
;;;;;;;;;;;;;;;;;;;;;;;;;;;;;;;;;;;;;;;;;;;;;;
;;;;;;;;;;;;;;;;;;;;;;;;;;;;;;;;;;;;;;;;;;;;;;
;;;;;;;;;;;;;;;;;;;;;;;;;;;;;;;;;;;;;;;;;;;;;;
;;;;;;;;;;;;;;;;;;;;;;;;;;;;;;;;;;;;;;;;;;;;;;
;;;;;;;;;;;;;;;;;;;;;;;;;;;;;;;;;;;;;;;;;;;;;;
;;;;;;;;;;;;;;;;;;;;;;;;;;;;;;;;;;;;;;;;;;;;;;
;;;;;;;;;;;;;;;;;;;;;;;;;;;;;;;;;;;;;;;;;;;;;;
;;;;;;;;;;;;;;;;;;;;;;;;;;;;;;;;;;;;;;;;;;;;;;
;;;;;;;;;;;;;;;;;;;;;;;;;;;;;;;;;;;;;;;;;;;;;;
;;;;;;;;;;;;;;;;;;;;;;;;;;;;;;;;;;;;;;;;;;;;;;
;;;;;;;;;;;;;;;;;;;;;;;;;;;;;;;;;;;;;;;;;;;;;;
;;;;;;;;;;;;;;;;;;;;;;;;;;;;;;;;;;;;;;;;;;;;;;
;;;;;;;;;;;;;;;;;;;;;;;;;;;;;;;;;;;;;;;;;;;;;;
;;;;;;;;;;;;;;;;;;;;;;;;;;;;;;;;;;;;;;;;;;;;;;
;;;;;;;;;;;;;;;;;;;;;;;;;;;;;;;;;;;;;;;;;;;;;;
;;;;;;;;;;;;;;;;;;;;;;;;;;;;;;;;;;;;;;;;;;;;;;
;;;;;;;;;;;;;;;;;;;;;;;;;;;;;;;;;;;;;;;;;;;;;;
;;;;;;;;;;;;;;;;;;;;;;;;;;;;;;;;;;;;;;;;;;;;;;
;;;;;;;;;;;;;;;;;;;;;;;;;;;;;;;;;;;;;;;;;;;;;;
;;;;;;;;;;;;;;;;;;;;;;;;;;;;;;;;;;;;;;;;;;;;;;
;;;;;;;;;;;;;;;;;;;;;;;;;;;;;;;;;;;;;;;;;;;;;;
;;;;;;;;;;;;;;;;;;;;;;;;;;;;;;;;;;;;;;;;;;;;;;
;;;;;;;;;;;;;;;;;;;;;;;;;;;;;;;;;;;;;;;;;;;;;;
;;;;;;;;;;;;;;;;;;;;;;;;;;;;;;;;;;;;;;;;;;;;;;
;;;;;;;;;;;;;;;;;;;;;;;;;;;;;;;;;;;;;;;;;;;;;;
;;;;;;;;;;;;;;;;;;;;;;;;;;;;;;;;;;;;;;;;;;;;;;
;;;;;;;;;;;;;;;;;;;;;;;;;;;;;;;;;;;;;;;;;;;;;;
;;;;;;;;;;;;;;;;;;;;;;;;;;;;;;;;;;;;;;;;;;;;;;
;;;;;;;;;;;;;;;;;;;;;;;;;;;;;;;;;;;;;;;;;;;;;;
;;;;;;;;;;;;;;;;;;;;;;;;;;;;;;;;;;;;;;;;;;;;;;
;;;;;;;;;;;;;;;;;;;;;;;;;;;;;;;;;;;;;;;;;;;;;;
;;;;;;;;;;;;;;;;;;;;;;;;;;;;;;;;;;;;;;;;;;;;;;
;;;;;;;;;;;;;;;;;;;;;;;;;;;;;;;;;;;;;;;;;;;;;;
;;;;;;;;;;;;;;;;;;;;;;;;;;;;;;;;;;;;;;;;;;;;;;
;;;;;;;;;;;;;;;;;;;;;;;;;;;;;;;;;;;;;;;;;;;;;;
;;;;;;;;;;;;;;;;;;;;;;;;;;;;;;;;;;;;;;;;;;;;;;
;;;;;;;;;;;;;;;;;;;;;;;;;;;;;;;;;;;;;;;;;;;;;;
;;;;;;;;;;;;;;;;;;;;;;;;;;;;;;;;;;;;;;;;;;;;;;
;;;;;;;;;;;;;;;;;;;;;;;;;;;;;;;;;;;;;;;;;;;;;;
;;;;;;;;;;;;;;;;;;;;;;;;;;;;;;;;;;;;;;;;;;;;;;
;;;;;;;;;;;;;;;;;;;;;;;;;;;;;;;;;;;;;;;;;;;;;;
;;;;;;;;;;;;;;;;;;;;;;;;;;;;;;;;;;;;;;;;;;;;;;
;;;;;;;;;;;;;;;;;;;;;;;;;;;;;;;;;;;;;;;;;;;;;;
;;;;;;;;;;;;;;;;;;;;;;;;;;;;;;;;;;;;;;;;;;;;;;
;;;;;;;;;;;;;;;;;;;;;;;;;;;;;;;;;;;;;;;;;;;;;;
;;;;;;;;;;;;;;;;;;;;;;;;;;;;;;;;;;;;;;;;;;;;;;
;;;;;;;;;;;;;;;;;;;;;;;;;;;;;;;;;;;;;;;;;;;;;;
;;;;;;;;;;;;;;;;;;;;;;;;;;;;;;;;;;;;;;;;;;;;;;
;;;;;;;;;;;;;;;;;;;;;;;;;;;;;;;;;;;;;;;;;;;;;;
;;;;;;;;;;;;;;;;;;;;;;;;;;;;;;;;;;;;;;;;;;;;;;
;;;;;;;;;;;;;;;;;;;;;;;;;;;;;;;;;;;;;;;;;;;;;;
;;;;;;;;;;;;;;;;;;;;;;;;;;;;;;;;;;;;;;;;;;;;;;
;;;;;;;;;;;;;;;;;;;;;;;;;;;;;;;;;;;;;;;;;;;;;;
;;;;;;;;;;;;;;;;;;;;;;;;;;;;;;;;;;;;;;;;;;;;;;
;;;;;;;;;;;;;;;;;;;;;;;;;;;;;;;;;;;;;;;;;;;;;;
;;;;;;;;;;;;;;;;;;;;;;;;;;;;;;;;;;;;;;;;;;;;;;
;;;;;;;;;;;;;;;;;;;;;;;;;;;;;;;;;;;;;;;;;;;;;;
;;;;;;;;;;;;;;;;;;;;;;;;;;;;;;;;;;;;;;;;;;;;;;
;;;;;;;;;;;;;;;;;;;;;;;;;;;;;;;;;;;;;;;;;;;;;;
;;;;;;;;;;;;;;;;;;;;;;;;;;;;;;;;;;;;;;;;;;;;;;
;;;;;;;;;;;;;;;;;;;;;;;;;;;;;;;;;;;;;;;;;;;;;;
;;;;;;;;;;;;;;;;;;;;;;;;;;;;;;;;;;;;;;;;;;;;;;
;;;;;;;;;;;;;;;;;;;;;;;;;;;;;;;;;;;;;;;;;;;;;;
;;;;;;;;;;;;;;;;;;;;;;;;;;;;;;;;;;;;;;;;;;;;;;
;;;;;;;;;;;;;;;;;;;;;;;;;;;;;;;;;;;;;;;;;;;;;;
;;;;;;;;;;;;;;;;;;;;;;;;;;;;;;;;;;;;;;;;;;;;;;
;;;;;;;;;;;;;;;;;;;;;;;;;;;;;;;;;;;;;;;;;;;;;;
;;;;;;;;;;;;;;;;;;;;;;;;;;;;;;;;;;;;;;;;;;;;;;
;;;;;;;;;;;;;;;;;;;;;;;;;;;;;;;;;;;;;;;;;;;;;;
;;;;;;;;;;;;;;;;;;;;;;;;;;;;;;;;;;;;;;;;;;;;;;
;;;;;;;;;;;;;;;;;;;;;;;;;;;;;;;;;;;;;;;;;;;;;;
;;;;;;;;;;;;;;;;;;;;;;;;;;;;;;;;;;;;;;;;;;;;;;
;;;;;;;;;;;;;;;;;;;;;;;;;;;;;;;;;;;;;;;;;;;;;;
;;;;;;;;;;;;;;;;;;;;;;;;;;;;;;;;;;;;;;;;;;;;;;
;;;;;;;;;;;;;;;;;;;;;;;;;;;;;;;;;;;;;;;;;;;;;;
;;;;;;;;;;;;;;;;;;;;;;;;;;;;;;;;;;;;;;;;;;;;;;
;;;;;;;;;;;;;;;;;;;;;;;;;;;;;;;;;;;;;;;;;;;;;;
;;;;;;;;;;;;;;;;;;;;;;;;;;;;;;;;;;;;;;;;;;;;;;
;;;;;;;;;;;;;;;;;;;;;;;;;;;;;;;;;;;;;;;;;;;;;;
;;;;;;;;;;;;;;;;;;;;;;;;;;;;;;;;;;;;;;;;;;;;;;
;;;;;;;;;;;;;;;;;;;;;;;;;;;;;;;;;;;;;;;;;;;;;;
;;;;;;;;;;;;;;;;;;;;;;;;;;;;;;;;;;;;;;;;;;;;;;
;;;;;;;;;;;;;;;;;;;;;;;;;;;;;;;;;;;;;;;;;;;;;;
;;;;;;;;;;;;;;;;;;;;;;;;;;;;;;;;;;;;;;;;;;;;;;
;;;;;;;;;;;;;;;;;;;;;;;;;;;;;;;;;;;;;;;;;;;;;;
